2018_43-44_lab1_Christoph&Ging_Time_November 5, 2018_18.15
g,s,m,t,d,v,gneun,gneup,gp,gn,g45,g10,g20,g30,g40,g50,g60,g70,g80,g89,g01,sneun,sneup,sp,sn,s45,s10,s20,s30,s40,s50,s60,s70,s80,s89,s01,mneun,mneup,mp,mn,m45,m10,m20,m30,m40,m50,m60,m70,m80,m89,m01,tneun,tneup,tp,tn,t45,t10,t20,t30,t40,t50,t60,t70,t80,t89,t01,dneun,dneup,dp,dn,d45,d10,d20,d30,d40,d50,d60,d70,d80,d89,d01,vneun,vneup,vp,vn,v45,v10,v20,v30,v40,v50,v60,v70,v80,v89,v01,gd0,gd-40,gd-30,gd-20,gd-10,gd10,gd20,gd30,gd40,st0,st-40,st-30,st-20,st-10,st10,st20,st30,st40,mv0,mv-40,mv-30,mv-20,mv-10,mv10,mv20,mv30,mv40,gender,age,ethnicity,edu,sports,sportshr,game,gamehr,music,musichr,vacuum,vacuumhr,dish,dishhr,traffic,traffichr
"Playing your favorite game (e.g., board game, card game, computer game). 

 

Please take some time to think about your feelings toward this activity and then answer the question below.


 

 

 

How do you evaluate doing this activity for 45 minutes? - 1","Doing your favorite sports 

 

Please take some time to think about your feelings toward this activity and then answer the question below.


 

 

 

How do you evaluate doing this activity for 45 minutes? - 1","Listening to your favorite music 

 

Please take some time to think about your feelings toward this activity and then answer the question below.


 

 

 
How do you evaluate doing this activity for 45 minutes? - 1","Getting stuck in a traffic jam without being able to listen to music, use your phone, or talk to anyone 

 

Please take some time to think about your feelings toward this activity and then answer the question below.


 

 

 

How do you evaluate doing this activity for 45 minutes? - 1","Washing dishes of a restaurant yourself manually, without getting paid

 

Please take some time to think about your feelings toward this activity and then answer the question below.


 

 

 
How do you evaluate doing this activity for 45 minutes? - 1","Vacuuming a movie theater after the show by yourself without getting paid

 

Please take some time to think about your feelings toward this activity and then answer the question below.


 

 

 
How do you evaluate doing this activity for 45 minutes? - 1",How much would you be willing to pay to avoid doing this activity for 45 minutes (in euros)?,How much would you be willing to pay to do this activity for 45 minutes (in euros)?,How much would you be willing to pay to do this activity for 45 minutes (in euros)?,How much would you be willing to pay to avoid doing this activity for 45 minutes (in euros)?,"Which option would you prefer for this activity?

Tip: You can click on a picture for a faster response.","Which option would you prefer for this activity? Choose your preferred option in the next eight questions.

Tips: You can click on a picture for a faster response.           Only left options will differ.",1 20,1 30,1 40,1 50,1 60,1 70,1 80,Would you rather...,Would you rather...,How much would you be willing to pay to avoid doing this activity for 45 minutes (in euros)?,How much would you be willing to pay to do this activity for 45 minutes (in euros)?,How much would you be willing to pay to do this activity for 45 minutes (in euros)?,How much would you be willing to pay to avoid doing this activity for 45 minutes (in euros)?,"Which option would you prefer for this activity?

Tip: You can click on a picture for a faster response.","Which option would you prefer for this activity? Choose your preferred option in the next eight questions.

Tips: You can click on a picture for a faster response.           Only left options will differ.",2 20,2 30,2 40,2 50,2 60,2 70,2 80,Would you rather...,Would you rather...,How much would you be willing to pay to avoid doing this activity for 45 minutes (in euros)?,How much would you be willing to pay to do this activity for 45 minutes (in euros)?,How much would you be willing to pay to do this activity for 45 minutes (in euros)?,How much would you be willing to pay to avoid doing this activity for 45 minutes (in euros)?,"Which option would you prefer for this activity?

Tip: You can click on a picture for a faster response.","Which option would you prefer for this activity? Choose your preferred option in the next eight questions.

Tips: You can click on a picture for a faster response.           Only left options will differ.",3 20,3 30,3 40,3 50,3 60,3 70,3 80,Would you rather...,Would you rather...,How much would you be willing to pay to avoid doing this activity for 45 minutes (in euros)?,How much would you be willing to pay to do this activity for 45 minutes (in euros)?,How much would you be willing to pay to do this activity for 45 minutes (in euros)?,How much would you be willing to pay to avoid doing this activity for 45 minutes (in euros)?,"Which option would you prefer for this activity?

Tip: You can click on a picture for a faster response.","Which option would you prefer for this activity? Choose your preferred option in the next eight questions.

Tips: You can click on a picture for a faster response.           Only left options will differ.",4 20,4 30,4 40,4 50,4 60,4 70,4 80,Would you rather...,Would you rather...,How much would you be willing to pay to avoid doing this activity for 45 minutes (in euros)?,How much would you be willing to pay to do this activity for 45 minutes (in euros)?,How much would you be willing to pay to do this activity for 45 minutes (in euros)?,How much would you be willing to pay to avoid doing this activity for 45 minutes (in euros)?,"Which option would you prefer for this activity?

Tip: You can click on a picture for a faster response.","Which option would you prefer for this activity? Choose your preferred option in the next eight questions.

Tips: You can click on a picture for a faster response.           Only left options will differ.",5 20,5 30,5 40,5 50,5 60,5 70,5 80,Would you rather...,Would you rather...,How much would you be willing to pay to avoid doing this activity for 45 minutes (in euros)?,How much would you be willing to pay to do this activity for 45 minutes (in euros)?,How much would you be willing to pay to do this activity for 45 minutes (in euros)?,How much would you be willing to pay to avoid doing this activity for 45 minutes (in euros)?,"Which option would you prefer for this activity?

Tip: You can click on a picture for a faster response.","Which option would you prefer for this activity? Choose your preferred option in the next eight questions.

Tips: You can click on a picture for a faster response.           Only left options will differ.",6 20,6 30,6 40,6 50,6 60,6 70,6 80,Would you rather...,Would you rather...,"Activity 1: Washing dishes of a restaurant yourself manually, without getting paid (dishes) Activity 2: Playing your favorite game (e.g., board game, card game, computer game) (games)
Which option would you prefer?

Tip: You can click on a picture for a faster response.","Activity 1: Washing dishes of a restaurant yourself manually, without getting paid (dishes)

 

Activity 2: Playing your favorite game (e.g., board game, card game, computer game) (games)





Which option would you prefer? Choose your preferred option in the next eight questions.

 

 

Tips: You can click on a picture for a faster response.

          Only left options will differ.",15 -30,15 -20,15 -10,15 10mins,15 20mins,15 30mins,15 40mins,"Activity 1: Getting stuck in a traffic jam without being able to listen to music, use your phone, or talk to anyone (traffic jam)
Activity 2: Doing your favorite sports (sports)
Which option would you prefer?

Tip: You can click on a picture for a faster response.","Activity 1: Getting stuck in a traffic jam without being able to listen to music, use your phone, or talk to anyone (traffic jam)
Activity 2: Doing your favorite sports (sports)


Which option would you prefer? Choose your preferred option in the next eight questions.

Tips: You can click on a picture for a faster response.          Only left options will differ.",24 -30,24 -20,24 -10,25 10,24 20,24 30,24 40,"Activity 1: Vacuuming a movie theater after the show by yourself without getting paid (vacuum)
Activity 2: Listening to your favorite music (music)

Which option would you prefer?

Tip: You can click on a picture for a faster response.","Activity 1: Vacuuming a movie theater after the show by yourself without getting paid (vacuum)
Activity 2: Listening to your favorite music (music)

Which option would you prefer? Choose your preferred option in the next eight questions.

Tips: You can click on a picture for a faster response.          Only left options will differ.",36 -30,36 -20,36 -10,36 10,36 20,36 30,36 40,What is your gender?,What is your age (in years)?,What is your ethnicity?,What is your highest level of education?,"On average, how often do you do sports?","On average, when you do sports, how long does it usually take?","On average, how often do you play games (e.g., board game, card game, computer game)?","On average, when you play games, how long does it usually take?","On average, how often do you listen to music?","On average, when you listen to music, how long does it usually take?","On average, how often do you vacuum the floor?","On average, when you vacuum the floor, how long does it usually take?","On average, how often do you wash dishes?","On average, when you wash dishes, how long does it usually take?","On average, how often do you get stuck in a traffic jam?","On average, when you get stuck in a traffic jam, how long does it usually take?"
90,50,100,-23,-100,-80,,,1,,1,2,2,2,2,1,1,1,1,2,2,,,-1,,2,1,1,1,1,2,2,2,2,1,1,,,1,,1,2,2,2,2,1,1,1,1,1,2,,,,0,2,1,1,1,1,2,2,2,2,1,1,,,,0,2,1,1,1,1,2,2,2,2,1,1,,,,0,1,1,1,1,1,2,2,2,2,1,2,2,2,2,1,1,2,2,2,1,1,1,1,1,1,2,2,2,2,2,2,2,1,1,1,1,1,1,1,20,1,2,8,8,7,7,1,6,5,2,1,2,8,8
100,100,100,-100,-100,88,,,5,,1,2,2,2,2,1,1,1,1,1,2,,,10,,1,2,2,2,1,1,1,1,1,2,2,,,3,,1,2,2,2,1,1,1,1,1,2,2,,,,2,2,1,1,1,2,2,2,2,2,1,1,,,,10,2,1,1,2,2,2,2,2,2,1,1,,,5,,2,2,2,2,2,2,2,2,2,1,2,1,2,2,1,1,1,1,1,1,2,2,2,1,1,1,1,1,1,2,2,2,1,1,1,1,1,1,2,21,3,4,3,4,6,2,3,2,4,2,1,1,8,8
56,5,80,-100,-92,23,,,0,,1,1,1,1,1,1,1,1,1,2,2,,,0,,1,1,1,1,1,1,1,1,2,1,2,,,10,,1,1,1,1,1,1,1,1,1,2,2,,,,5,2,1,1,1,2,2,2,2,2,1,1,,,,10,1,1,1,1,1,1,2,2,2,1,1,,,0,,1,1,1,1,1,1,1,2,2,1,2,1,2,2,2,1,1,1,1,1,1,2,2,2,1,1,1,1,1,1,2,2,1,1,1,1,1,1,2,19,1,2,7,8,4,4,1,2,3,1,3,2,7,8
100,100,100,-70,-30,-20,,,5,,1,2,2,2,2,2,1,1,1,2,1,,,5,,1,2,2,2,1,1,1,1,1,2,2,,,5,,1,2,2,2,1,1,1,1,1,2,2,,,,0,2,1,1,1,1,1,1,2,2,1,1,,,,10,2,1,1,2,2,2,2,2,2,1,1,,,,3,2,1,1,1,1,1,2,2,2,1,1,2,2,2,2,1,1,1,1,1,2,2,2,1,1,1,1,1,1,2,2,2,2,1,1,1,1,1,2,20,1,4,3,5,5,3,1,2,7,1,4,1,7,2
100,75,80,-50,-60,-75,,,3,,1,2,2,1,1,1,1,1,1,2,2,,,5,,1,2,2,1,1,1,1,1,1,1,2,,,4,,1,1,1,1,1,1,1,1,1,2,2,,,,6,2,1,1,1,2,2,2,2,2,1,1,,,,5,2,1,1,1,2,2,2,2,2,1,1,,,,10,2,1,1,1,2,2,2,2,2,1,1,1,2,2,2,1,1,1,1,1,1,2,2,1,1,1,1,1,1,1,2,2,2,1,1,1,1,1,1,17,1,2,2,4,4,4,1,4,6,3,7,1,8,8
85,100,100,-76,-100,-100,,,5,,1,2,2,1,1,1,1,1,1,2,2,,,10,,1,2,2,1,1,1,1,1,1,2,2,,,5,,2,2,2,1,1,1,1,1,1,2,2,,,,10,2,1,1,2,2,2,2,2,2,1,1,,,,10,2,1,2,2,2,2,2,2,2,1,1,,,,10,2,1,2,2,2,2,2,2,2,1,1,1,2,2,2,2,1,1,1,1,1,2,2,2,2,1,1,1,1,1,2,2,2,2,1,1,1,1,2,18,1,2,3,6,5,4,1,6,6,1,5,2,6,3
100,-100,100,-75,-50,-75,,,10,,1,2,2,1,1,1,1,1,1,2,2,,,,10,2,1,1,1,2,2,2,2,2,1,1,,,5,,1,2,2,1,1,1,1,1,1,2,2,,,,15,2,1,1,1,2,2,2,2,2,1,1,,,,10,2,1,1,1,2,2,2,2,2,1,1,,,,10,2,1,1,1,2,2,2,2,2,1,1,1,2,2,1,1,1,1,1,1,1,1,1,1,1,1,1,1,1,1,2,2,1,1,1,1,1,1,2,19,1,2,7,4,5,3,1,6,5,1,7,1,5,2
100,65,97,-86,-95,-89,,,5,,1,2,2,2,2,1,1,1,1,2,2,,,10,,1,2,2,2,2,1,1,1,1,2,2,,,5,,1,2,2,2,2,1,1,1,1,2,2,,,,15,2,1,1,2,2,2,2,2,2,1,1,,,,5,2,1,1,2,2,2,2,2,2,1,1,,,,5,2,1,1,1,2,2,2,2,2,1,1,2,2,2,2,1,2,2,1,1,2,2,2,2,1,2,2,1,1,2,2,2,2,1,2,2,1,1,2,19,1,2,3,4,5,4,1,7,4,3,3,1,3,2
50,100,100,-66,-87,-50,,,8,,1,1,1,1,1,1,1,1,1,2,2,,,8,,1,1,1,1,1,1,1,1,1,2,2,,,0,,1,1,1,1,1,1,1,1,2,1,2,,,,10,2,1,1,2,2,2,2,2,2,1,1,,,,8,2,1,1,1,2,2,2,2,2,1,1,,,,5,1,1,1,1,2,2,2,2,2,1,1,1,2,2,2,2,1,1,1,1,2,2,2,2,1,1,1,1,1,1,2,2,2,2,1,1,1,1,2,19,1,2,4,4,4,4,2,2,4,1,3,1,4,2
90,50,100,30,-100,-100,,,10,,1,2,2,1,1,1,1,1,1,2,2,,,3,,2,1,1,1,2,2,2,2,2,1,1,,,10,,1,2,2,2,1,1,1,1,1,2,2,,,0,,2,1,1,1,2,2,2,2,2,1,2,,,,0,2,1,1,2,2,2,2,2,2,1,1,,,,0,2,1,1,1,2,2,2,2,2,1,1,1,2,2,1,1,1,1,1,1,1,2,1,1,1,1,1,1,2,1,2,2,2,1,1,1,1,1,2,22,1,2,7,8,6,3,1,3,4,1,2,1,7,4
80,85,87,-94,-90,-90,,,2,,1,2,2,2,1,1,1,1,1,1,2,,,2,,1,2,2,1,1,1,1,1,1,2,1,,,2,,1,2,2,1,1,1,2,2,2,1,2,,,,3,2,1,1,1,2,2,2,2,2,1,1,,,,3,2,1,1,1,2,2,2,2,2,1,1,,,,5,2,1,1,2,2,2,2,2,2,1,1,1,2,2,2,1,1,1,1,1,1,2,2,1,1,1,1,1,1,1,2,2,2,1,1,1,1,1,2,19,1,2,5,4,5,5,1,4,5,2,4,1,7,2
65,85,100,-90,-20,-30,,,10,,2,2,2,2,2,1,1,1,1,2,1,,,10,,2,2,2,2,2,1,1,1,1,2,1,,,7,,1,2,2,2,2,1,1,1,1,1,2,,,,20,1,1,1,1,1,2,2,2,2,1,1,,,,3,2,1,1,1,1,2,2,2,2,1,2,,,,5,2,1,1,1,1,2,2,2,2,1,1,2,2,2,1,1,1,1,1,1,1,2,2,1,1,2,1,1,1,2,2,1,1,1,2,1,1,1,2,19,1,2,3,4,3,3,1,5,3,1,1,1,7,3
100,100,100,-55,-75,-80,,,5,,1,2,1,1,1,1,1,1,1,2,2,,,5,,1,2,2,1,1,1,1,1,1,2,2,,,2,,1,2,1,1,1,1,1,1,1,1,2,,,,5,1,1,1,2,2,2,2,2,2,1,1,,,,7,2,1,1,1,1,2,2,2,2,1,1,,,,5,1,1,1,1,1,1,2,2,2,1,1,1,2,2,2,1,1,1,1,1,1,2,2,2,1,1,1,1,1,1,2,2,2,1,1,1,1,1,1,19,1,2,4,3,4,4,1,5,4,2,1,1,7,1
80,100,100,-90,-100,-100,,,1,,1,2,1,1,1,1,1,1,1,2,1,,,2,,1,2,2,2,1,1,1,1,1,2,1,,,1,,1,1,1,1,1,1,1,1,1,2,2,,,,0,1,1,1,1,1,1,2,2,2,1,1,,,,3,2,1,1,2,2,2,2,2,2,1,1,,,,2,1,1,1,1,1,1,2,2,2,1,1,1,2,2,2,1,1,1,1,1,1,2,2,1,1,1,1,1,1,1,2,2,2,1,1,1,1,1,2,18,1,2,3,6,4,2,1,2,6,1,8,8,5,2
90,100,100,-50,-90,-90,,,0,,2,1,1,1,2,2,2,2,2,1,1,,,15,,1,1,1,1,1,1,1,1,1,2,2,,,10,,1,2,2,1,1,1,1,1,1,1,2,,,,0,1,1,1,1,1,1,1,2,2,1,1,,,,10,2,1,1,1,1,2,2,2,2,1,1,,,,10,1,1,1,1,1,1,2,2,2,1,1,2,2,2,1,1,1,1,1,1,2,2,1,1,1,2,1,1,1,1,2,2,1,1,1,1,1,1,2,19,1,2,3,3,8,8,1,4,4,2,1,1,7,2
-100,100,57,-59,-100,-39,,,,10,2,2,2,2,2,2,2,2,2,1,1,,,25,,1,2,2,2,2,1,1,1,1,2,2,,,5,,1,1,1,1,1,1,1,1,1,1,2,,,,5,1,1,1,1,1,2,2,2,2,1,1,,,,15,2,1,1,1,2,2,2,2,2,1,1,,,,10,2,1,1,1,1,2,2,2,2,1,1,1,2,2,2,2,1,1,1,1,2,2,1,1,1,1,1,1,1,1,2,1,1,1,1,1,1,1,1,24,1,3,4,7,8,8,3,4,3,1,8,8,8,8
80,40,100,-100,-87,-75,,,7,,1,2,2,1,1,1,1,1,1,2,2,,,4,,1,1,1,1,1,1,2,2,2,1,2,,,9,,1,2,2,2,2,1,1,1,1,2,2,,,,10,2,1,1,1,1,2,2,2,2,1,1,,,,5,2,1,1,1,1,2,2,2,2,1,1,,,,5,1,1,1,1,2,2,2,2,2,1,1,2,2,2,1,1,1,1,1,1,1,2,2,1,1,1,1,1,1,2,2,2,2,1,1,1,1,1,2,18,1,2,5,3,5,4,1,7,6,3,7,2,7,2
54,75,92,-100,-70,-82,,,8,,1,2,2,2,1,1,1,1,1,1,1,,,10,,1,2,2,2,1,1,1,1,1,2,1,,,20,,1,1,1,1,1,1,1,1,1,2,2,,,,80,1,1,1,1,1,2,2,2,2,1,1,,,,20,2,1,1,1,1,2,2,2,2,1,1,,,,10,2,1,1,1,2,2,2,2,2,1,1,1,2,2,1,1,2,1,1,1,1,2,2,2,1,1,1,1,1,1,2,2,1,1,1,1,1,1,2,21,1,2,3,7,6,4,1,5,3,2,1,1,6,6
90,75,80,-55,-20,-50,,,0,,2,2,2,2,1,1,1,1,1,1,1,,,15,,1,2,2,2,1,1,1,1,1,2,1,,,0,,1,2,2,2,1,1,1,1,1,1,2,,,,0,1,1,1,1,1,1,2,2,2,1,1,,,,20,2,1,1,1,2,2,2,2,2,1,1,,,,10,1,1,1,1,1,2,2,2,2,1,1,1,2,2,1,1,1,1,1,1,1,2,2,2,1,1,1,1,1,1,2,2,2,1,1,1,1,1,2,19,1,2,3,6,7,2,4,2,6,1,8,8,4,2
100,100,90,-95,-20,10,,,1,,1,2,2,1,1,1,1,1,1,2,2,,,2,,1,2,2,1,1,1,1,1,1,2,2,,,0,,1,1,1,1,1,1,1,1,1,1,2,,,,2,2,1,1,1,2,2,2,2,2,1,1,,,,0,2,1,1,1,1,2,2,2,2,1,1,,,0,,1,1,1,1,1,2,2,2,2,1,1,2,2,2,1,1,1,1,1,1,1,2,2,1,1,1,1,1,1,2,2,1,1,1,1,1,1,1,2,18,1,2,2,7,3,7,1,2,3,2,3,1,4,3
46,100,68,-44,-41,7,,,5,,2,2,2,2,2,1,1,1,1,2,2,,,20,,1,2,2,2,1,1,1,1,1,2,2,,,7,,1,2,2,2,2,1,1,1,1,2,2,,,,5,1,1,1,1,1,2,2,2,2,1,1,,,,4,2,1,1,1,1,1,2,2,2,1,1,,,0,,1,1,1,1,1,1,1,1,1,1,1,1,2,2,1,1,2,2,1,1,2,2,2,1,1,2,1,1,1,1,2,2,1,1,2,1,1,1,2,18,1,2,3,6,4,4,1,3,3,1,1,2,5,2
100,100,100,-85,-80,-90,,,10,,1,2,2,1,1,1,1,1,1,2,1,,,15,,1,2,2,2,1,1,1,1,1,2,2,,,20,,1,2,2,1,1,1,1,1,1,2,2,,,,30,2,1,1,1,1,2,2,2,2,1,1,,,,15,2,1,1,1,1,1,2,2,2,1,1,,,,20,2,1,1,1,1,2,2,2,2,1,1,1,2,2,2,1,2,1,1,1,1,2,2,1,1,2,1,1,1,1,2,2,1,1,1,1,1,1,2,19,1,2,3,5,4,5,1,7,5,3,4,3,4,2
80,60,80,-30,-35,3,,,10,,1,2,2,2,1,1,1,1,1,2,2,,,5,,1,2,2,2,2,1,1,1,1,2,2,,,5,,1,2,2,2,1,1,1,1,1,2,2,,,,10,2,1,1,1,1,2,2,2,2,1,1,,,,5,2,1,1,1,1,2,2,2,2,1,1,,,0,,2,1,1,1,2,2,2,2,2,1,1,1,2,2,2,1,1,1,1,1,1,2,2,2,1,1,1,1,1,1,2,2,2,1,1,1,1,1,2,18,1,4,4,4,5,6,1,3,7,2,8,8,5,2
31,68,83,-34,-60,-72,,,0,,1,1,1,1,1,1,2,2,2,1,2,,,2,,1,2,2,1,1,1,1,1,1,2,2,,,5,,1,2,2,2,2,1,1,1,1,2,2,,,,4,1,1,1,1,1,2,2,2,2,1,1,,,,10,2,1,1,1,2,2,2,2,2,1,1,,,,5,2,1,1,1,2,2,2,2,2,1,1,2,2,2,2,1,1,1,1,1,2,2,2,2,1,1,1,1,1,1,2,2,2,1,1,1,1,1,2,18,1,4,4,4,7,1,1,2,4,1,1,1,7,1
90,80,90,-100,-90,-90,,,10,,1,2,2,1,1,1,1,1,1,2,2,,,20,,1,2,2,2,1,1,1,1,1,2,2,,,30,,1,2,2,1,1,1,1,1,1,2,2,,,,30,2,1,1,2,2,2,2,2,2,1,1,,,,20,2,1,1,2,2,2,2,2,2,1,1,,,,25,2,1,1,1,2,2,2,2,2,1,1,2,2,2,2,1,1,1,1,1,1,2,2,1,1,1,1,1,1,2,2,2,2,1,1,1,1,1,2,24,1,4,3,4,1,7,2,3,8,4,8,3,4,2
73,35,41,-81,-100,-63,,,15,,1,2,2,2,1,1,1,1,1,2,2,,,12,,2,2,2,2,2,2,1,1,1,2,2,,,20,,1,2,2,2,2,1,1,1,1,2,2,,,,8,2,1,1,1,2,2,2,2,2,1,1,,,,35,2,2,2,2,2,2,2,2,2,1,1,,,,5,2,1,1,1,2,2,2,2,2,1,1,1,2,2,2,1,1,1,1,1,1,2,2,2,2,1,1,1,1,2,2,2,2,2,1,1,1,1,2,19,1,2,6,6,4,5,1,7,5,1,8,8,5,2
72,83,91,-35,-70,-56,,,3,,1,2,2,2,1,1,1,1,1,2,2,,,10,,1,2,2,1,1,1,1,1,1,2,2,,,12,,2,2,2,2,2,1,1,1,1,2,2,,,,1,1,1,1,1,1,2,2,2,2,1,1,,,,3,2,1,1,1,2,2,2,2,2,1,1,,,,1,2,1,1,1,2,2,2,2,2,1,1,1,2,2,2,1,1,1,1,1,2,2,2,2,2,1,1,1,1,2,2,2,2,1,1,1,1,1,2,18,1,2,3,6,7,7,1,6,5,2,7,3,8,8
100,100,100,-10,-30,-50,,,10,,1,2,2,2,2,1,1,1,1,2,2,,,20,,1,2,2,2,2,1,1,1,1,2,1,,,3,,1,1,1,1,1,1,1,2,2,2,2,,,,0,2,1,1,1,2,2,2,2,2,1,1,,,,0,1,1,1,1,2,2,2,2,2,1,1,,,,0,1,1,1,1,2,2,2,2,2,1,1,2,2,2,2,1,2,2,1,1,1,2,2,1,1,2,2,1,1,1,2,2,2,1,2,1,1,1,2,19,1,2,4,5,6,5,1,3,6,2,3,2,4,2
55,67,85,-25,-88,-80,,,6,,1,1,1,1,1,1,2,2,2,1,2,,,6,,1,1,1,1,1,1,1,2,2,1,2,,,2,,2,1,1,1,1,1,2,2,2,2,2,,,,12,1,1,1,1,2,2,2,2,2,1,1,,,,30,1,1,1,1,1,2,2,2,2,1,1,,,,20,1,1,1,1,1,2,2,2,2,1,1,1,2,2,2,1,1,1,1,1,1,2,2,2,2,1,1,1,1,1,2,2,2,1,1,1,1,1,2,19,1,4,3,5,5,2,1,2,4,1,3,2,7,2
60,100,80,-20,-50,-80,,,2,,1,2,1,1,1,1,2,2,2,1,1,,,10,,2,2,2,1,1,1,1,1,1,2,1,,,10,,1,1,1,1,2,2,2,2,2,1,2,,,,10,1,1,1,1,2,2,2,2,2,1,1,,,,20,1,1,1,1,1,2,2,2,2,1,1,,,,0,2,1,1,1,1,2,2,2,2,1,1,1,2,2,1,1,1,1,1,1,2,2,2,1,1,2,2,2,1,1,2,2,1,1,1,1,1,1,2,18,1,2,2,4,6,2,2,2,7,2,8,8,2,2
80,65,100,-40,-70,-70,,,0,,1,2,2,1,1,1,1,1,1,2,2,,,0,,1,1,1,1,1,1,2,2,2,1,1,,,3,,1,2,2,2,2,1,1,1,1,2,2,,,,1,1,1,1,1,1,1,1,2,2,1,1,,,,1,1,1,1,1,1,1,2,2,2,1,1,,,,2,1,1,1,1,1,1,2,2,2,1,1,1,2,2,2,1,2,1,1,1,1,2,2,2,1,2,1,1,1,2,2,2,2,1,1,1,1,1,2,18,1,2,3,4,4,4,1,4,3,2,2,1,5,2
40,35,15,-60,-30,-50,,,5,,1,1,1,1,2,2,2,2,2,1,2,,,15,,1,2,2,1,1,1,1,1,1,1,2,,,25,,1,2,2,2,2,1,1,1,1,2,2,,,,18,1,1,1,1,1,1,1,2,2,1,1,,,,20,1,1,1,1,1,1,1,2,2,1,1,,,,35,1,1,1,1,1,1,2,2,2,1,1,2,2,2,1,1,1,1,1,1,1,2,2,1,1,1,1,1,1,1,2,2,2,1,1,1,1,1,2,18,1,2,3,2,5,2,3,2,4,1,1,1,7,1
80,90,100,-25,-15,-15,,,0,,1,2,2,1,1,1,1,1,1,2,2,,,0,,1,2,2,1,1,1,1,1,1,2,1,,,0,,1,1,1,1,1,1,1,1,1,2,2,,,,2,1,1,1,1,1,2,2,2,2,1,1,,,,2,1,1,1,1,1,2,2,2,2,1,1,,,,2,2,1,1,1,2,2,2,2,2,1,1,2,2,2,2,1,2,1,1,1,2,2,2,2,1,2,2,2,1,2,2,2,1,1,1,1,1,1,2,23,1,2,2,6,4,5,1,7,4,3,2,3,6,2
85,80,100,-80,-90,-75,,,5,,1,1,1,1,1,1,1,1,1,2,2,,,5,,1,1,1,1,1,1,1,2,2,1,2,,,20,,1,1,1,1,1,1,1,1,1,2,2,,,,15,1,1,1,1,1,1,1,2,2,1,1,,,,15,1,1,1,1,1,1,2,2,2,1,1,,,,15,1,1,1,1,1,1,1,2,2,1,1,1,2,2,2,1,1,1,1,1,1,2,2,1,1,1,1,1,1,1,2,2,1,1,1,1,1,1,2,20,1,2,5,3,2,2,1,7,4,1,1,2,5,2
35,50,75,-82,-66,-33,,,2,,1,2,2,1,1,1,1,1,1,1,2,,,5,,1,2,1,1,1,1,1,1,1,1,2,,,3,,1,2,2,2,1,1,1,1,1,2,2,,,,1,1,1,2,2,1,1,1,2,2,1,1,,,,0,1,2,2,2,1,1,1,2,2,1,1,,,,0,1,2,2,2,1,1,1,1,1,1,1,1,2,2,2,1,2,1,1,1,1,2,2,2,1,2,2,1,1,1,2,2,2,1,2,1,1,1,2,18,1,2,4,4,4,2,2,3,7,5,4,1,5,1
100,100,100,-100,-90,-100,,,10,,1,2,2,2,2,1,1,1,1,2,2,,,10,,1,2,2,2,2,1,1,1,1,2,2,,,10,,1,2,2,2,1,1,1,1,1,2,2,,,,25,1,1,1,1,1,2,2,2,2,1,1,,,,25,1,1,1,1,1,1,2,2,2,1,1,,,,20,1,1,1,1,1,1,2,2,2,1,1,1,2,2,1,1,1,1,1,1,1,2,2,2,1,1,1,1,1,1,2,2,1,1,1,1,1,1,1,23,1,1,3,5,3,6,1,7,4,2,4,1,6,2
70,0,100,-25,-100,-100,,,0,,1,2,2,1,1,1,1,1,1,2,2,0,0,,,1,1,1,1,1,1,2,2,2,1,1,,,10,,1,2,2,1,1,1,1,1,1,2,2,,,,0,1,1,1,1,1,1,1,2,2,1,1,,,,0,1,1,1,1,1,1,1,2,2,1,1,,,,0,1,1,1,1,1,1,2,2,2,1,1,1,2,2,2,2,1,1,1,1,1,2,2,1,1,1,1,2,2,1,2,2,2,2,1,1,1,1,2,23,1,2,8,8,3,4,1,7,2,1,3,2,8,8
100,60,100,-51,-90,-100,,,10,,1,1,1,1,1,1,1,1,1,2,2,,,10,,1,1,1,1,1,1,1,1,1,2,2,,,20,,1,1,1,1,1,1,1,1,1,2,2,,,,15,1,1,1,1,1,1,1,2,2,1,1,,,,10,1,1,1,1,1,2,2,2,2,1,1,,,,10,1,1,1,1,1,1,1,2,2,1,1,1,2,2,1,1,1,1,1,1,1,2,2,2,2,1,1,1,1,2,2,2,1,1,1,1,1,1,2,19,4,4,4,6,7,8,1,7,4,3,4,2,5,1
93,49,53,-66,-40,-36,,,10,,2,2,2,2,2,2,1,1,1,2,1,,,15,,1,2,2,1,1,1,1,1,1,2,1,,,2,,1,2,2,2,2,2,2,2,2,1,2,,,,20,1,1,1,1,2,2,2,2,2,1,1,,,,10,1,1,1,1,2,2,2,2,2,1,1,,,,8,2,1,1,1,1,2,2,2,2,1,1,2,2,2,2,2,1,1,1,1,1,2,2,2,1,1,1,1,1,1,2,2,1,1,1,1,1,1,2,18,1,2,2,4,7,5,1,4,3,1,2,1,2,5
53,100,100,-77,-68,40,,,5,,1,2,2,2,2,1,1,1,1,2,2,,,20,,1,1,1,1,1,1,1,1,1,2,2,,,9,,1,1,1,1,1,1,1,1,1,2,2,,,,10,1,1,1,1,1,2,2,2,2,1,1,,,,15,1,1,1,1,1,1,2,2,2,1,1,,,0,,2,1,1,1,1,2,2,2,2,1,1,2,2,2,2,2,1,1,1,1,1,2,2,1,1,1,1,1,1,2,2,2,2,2,1,1,1,1,2,19,1,2,2,3,3,3,1,7,4,2,2,3,5,4
73,60,80,-60,-70,-70,,,10,,1,2,2,2,1,1,1,1,1,2,2,,,5,,1,1,1,1,1,2,2,2,2,1,2,,,15,,2,2,2,2,2,1,1,1,1,2,2,,,,10,1,1,1,1,1,1,2,2,2,1,1,,,,25,1,1,1,1,1,2,2,2,2,1,1,,,,20,2,1,1,1,1,2,2,2,2,1,1,1,2,2,1,1,1,1,1,1,1,2,2,1,1,1,1,1,1,1,2,2,1,1,1,1,1,1,2,18,1,2,3,6,6,2,1,3,4,1,8,8,5,1
100,100,100,-60,-15,-10,,,5,,1,2,2,2,1,1,1,1,1,2,2,,,10,,1,2,2,2,2,2,1,1,1,2,2,,,10,,1,2,2,2,2,2,1,1,1,1,2,,,,5,2,1,1,1,1,1,1,2,2,1,1,,,,10,1,1,1,1,1,2,2,2,2,1,1,,,,5,1,1,1,1,1,1,2,2,2,1,1,1,2,2,2,1,1,1,1,1,2,2,2,2,2,2,1,1,1,2,2,2,2,2,1,1,1,1,2,22,3,4,3,6,6,2,1,3,4,1,1,1,7,2
85,85,65,-40,-75,-75,,,8,,1,2,2,2,2,1,1,1,1,2,2,,,8,,1,2,2,2,1,1,1,1,1,2,2,,,4,,1,1,1,2,2,2,1,1,1,2,2,,,,3,1,1,1,1,1,2,2,2,2,1,1,,,,5,1,1,1,1,1,1,2,2,2,1,1,,,,8,1,1,1,1,1,2,2,2,2,1,1,2,2,2,2,2,1,1,1,1,2,2,2,1,1,1,1,1,1,1,2,2,2,1,1,1,1,1,1,18,1,2,5,5,2,6,1,3,8,8,4,2,8,8
78,77,50,-13,-44,-85,,,10,,1,1,1,1,1,1,1,1,1,1,2,,,8,,1,2,2,1,1,1,1,1,1,2,1,,,1,,1,2,2,1,1,1,1,1,1,2,2,,,,5,1,1,1,1,2,2,2,2,2,1,1,,,,0,1,1,1,1,1,1,1,2,2,1,1,,,,10,1,1,1,1,1,2,2,2,2,1,1,2,2,2,2,2,1,1,1,1,1,2,2,1,1,1,1,1,1,1,2,2,1,1,1,1,1,1,2,21,1,4,7,1,6,3,2,1,8,1,1,1,6,3
60,100,90,-80,-15,-50,,,15,,1,2,2,1,1,1,1,1,1,2,2,,,30,,1,2,2,1,1,1,1,1,1,2,2,,,20,,1,2,2,1,1,1,1,1,1,2,2,,,,15,2,1,1,1,2,2,2,2,2,1,1,,,,4,1,1,1,1,2,2,2,2,2,1,1,,,,20,2,1,1,1,2,2,2,2,2,1,1,2,2,2,2,2,2,1,1,1,2,2,2,2,2,1,1,1,1,2,2,2,2,2,1,1,1,1,2,18,1,2,3,6,4,4,2,4,5,3,2,3,7,2
57,100,81,-100,-32,-93,,,0,,1,2,2,1,1,1,1,1,1,2,1,,,5,,1,2,2,2,1,1,1,1,1,2,2,,,0,,1,1,1,1,1,1,1,1,1,1,2,,,,5,1,1,1,1,1,1,2,2,2,1,1,,,,5,1,1,1,1,1,2,2,2,2,1,1,,,,10,2,1,1,1,2,2,2,2,2,1,1,1,2,2,1,1,1,1,1,1,2,2,2,2,1,1,1,1,1,1,2,2,1,1,1,1,1,1,2,18,1,2,1,4,6,5,1,2,4,2,1,1,6,2
70,50,100,-100,-100,-100,,,10,,2,2,2,2,2,2,2,2,2,1,2,,,10,,1,1,1,1,1,1,2,2,2,1,1,,,5,,1,1,1,1,1,1,1,1,1,2,2,,,,1,2,1,1,1,2,2,2,2,2,1,1,,,,10,1,1,1,1,2,2,2,2,2,1,1,,,,5,1,1,1,1,1,1,2,2,2,1,1,2,2,2,1,1,1,1,1,1,1,2,1,1,1,1,1,1,1,1,2,2,2,1,1,1,1,1,2,20,1,2,8,8,6,2,1,5,8,8,6,2,8,8
50,100,100,31,20,10,,,1,,2,1,1,2,2,2,2,2,2,1,2,,,5,,1,1,1,1,1,1,1,1,2,2,2,,,10,,1,1,1,1,1,1,1,2,2,2,2,,,3,,2,1,1,2,2,2,2,2,2,1,1,,,2,,1,1,1,1,1,1,2,2,2,1,1,,,1,,1,1,1,1,1,2,2,2,2,1,1,2,2,1,1,1,1,1,1,2,2,2,1,1,1,1,1,1,1,2,2,2,1,1,1,1,1,1,2,18,1,2,3,4,7,2,1,7,4,2,1,2,7,1
100,85,100,-100,-100,-75,,,10,,1,2,2,2,1,1,1,1,1,2,2,,,5,,1,1,1,1,1,1,1,1,1,1,2,,,15,,1,2,2,1,1,1,1,1,1,2,2,,,,10,2,1,1,1,2,2,2,2,2,1,1,,,,15,1,1,1,1,2,2,2,2,2,1,1,,,,10,1,1,1,1,1,2,2,2,2,1,1,2,2,2,1,1,2,2,1,1,1,2,2,1,1,1,1,1,1,1,2,1,1,1,2,1,1,1,2,18,1,2,8,8,2,6,1,3,5,2,4,1,5,2
100,80,100,-50,-10,-60,,,3,,1,2,2,2,1,1,1,1,1,1,2,,,1,,1,2,2,2,2,1,1,1,1,2,2,,,60,,1,2,2,2,1,1,1,1,1,2,2,,,,2,2,1,1,1,2,2,2,2,2,1,1,,,,5,1,1,1,1,2,2,2,2,2,1,1,,,,5,1,1,1,1,1,2,2,2,2,1,1,1,2,2,2,1,1,1,1,1,1,2,2,2,1,1,1,1,1,1,2,2,2,1,1,1,1,1,1,19,1,2,3,4,1,5,1,7,4,1,8,8,8,8
80,60,100,-40,-100,-90,,,2,,2,2,2,1,1,2,2,2,2,2,1,,,1,,1,1,1,1,1,1,2,2,2,1,2,,,3,,1,2,2,1,1,1,1,1,1,2,2,,,,1,1,1,1,1,2,2,2,2,2,1,1,,,,15,1,1,1,1,1,2,2,2,2,1,1,,,,10,1,1,1,1,2,2,2,2,2,1,1,1,2,2,1,1,1,1,1,1,1,2,2,1,1,1,1,1,1,1,2,2,2,1,1,1,1,1,2,20,1,2,5,1,7,4,1,7,4,2,1,2,7,3
60,80,100,-100,-100,-60,,,0,,1,2,2,2,1,1,1,1,1,2,1,,,5,,1,2,2,2,1,1,1,1,1,2,2,,,3,,1,2,2,1,1,1,1,1,1,2,2,,,,5,1,1,1,1,1,1,1,2,2,1,1,,,,4,1,1,1,1,1,1,1,2,2,1,1,,,,5,1,1,1,1,1,2,2,2,2,1,1,1,2,2,1,1,1,1,1,1,1,2,2,1,1,1,1,1,1,1,2,2,1,1,1,1,1,1,2,19,1,2,5,4,5,6,1,3,4,2,4,2,5,2
60,100,33,-100,-100,-100,,,2,,1,2,1,1,1,1,1,1,1,1,2,,,20,,1,2,1,1,1,1,1,1,1,1,2,,,0,,1,1,1,1,1,1,1,1,1,1,2,,,,20,1,1,1,1,1,2,2,2,2,1,1,,,,5,1,1,1,1,1,2,2,2,2,1,1,,,,10,1,1,1,1,1,2,2,2,2,1,1,2,2,2,1,1,1,1,1,1,2,2,2,2,1,1,1,1,1,1,2,2,2,2,1,1,1,1,2,18,1,4,4,5,3,4,3,2,4,1,2,2,7,2
49,72,84,-40,-60,-56,,,3,,1,2,2,1,1,1,1,1,1,1,2,,,25,,1,2,1,1,1,1,1,1,1,2,2,,,5,,1,2,2,1,1,1,1,1,1,1,2,,,,5,2,1,1,2,2,2,2,2,2,1,1,,,,1,1,1,1,1,2,2,2,2,2,1,1,,,,1,2,1,1,2,2,2,2,2,2,1,1,1,2,2,2,2,1,1,1,1,2,2,2,2,2,1,1,1,1,1,2,2,2,2,1,1,1,1,1,28,1,2,3,2,2,4,1,3,4,2,2,2,7,3
92,90,80,-65,-10,-25,,,5,,1,2,2,2,2,1,1,1,1,1,2,,,10,,1,2,2,2,2,1,1,1,1,2,1,,,10,,1,2,2,2,1,1,1,1,1,2,2,,,,15,2,1,1,1,1,2,2,2,2,1,1,,,,5,1,1,1,1,1,2,2,2,2,1,1,,,,5,1,1,1,1,2,2,2,2,2,1,1,1,2,2,1,1,1,1,1,1,1,2,2,1,1,1,1,1,1,1,2,2,1,1,1,1,1,1,2,19,1,2,2,5,4,5,1,3,5,2,7,2,6,3
80,100,40,-50,-70,-100,,,0,,1,2,2,2,1,1,1,1,1,2,2,,,30,,1,2,2,1,1,1,1,1,1,2,2,,,0,,2,1,1,1,1,2,2,2,2,1,1,,,,0,2,1,1,1,1,2,2,2,2,1,1,,,,15,2,1,1,1,2,2,2,2,2,1,1,,,,20,2,1,1,1,2,2,2,2,2,1,1,1,2,2,1,1,1,1,1,1,2,2,2,2,2,2,1,1,1,1,2,2,1,1,1,1,1,1,2,19,1,3,3,2,6,5,1,7,4,1,3,1,7,8
100,100,100,-50,-100,-70,,,10,,1,2,2,1,1,1,1,1,1,2,2,,,20,,1,2,2,2,1,1,1,1,1,2,2,,,20,,1,2,2,2,1,1,1,1,1,2,2,,,,10,2,1,1,1,2,2,2,2,2,1,1,,,,15,2,1,1,1,1,2,2,2,2,1,1,,,,10,1,1,1,1,1,1,2,2,2,1,1,2,2,2,1,1,1,1,1,1,2,2,2,2,1,1,1,1,1,1,2,2,2,1,1,1,1,1,2,19,1,2,3,7,3,3,2,6,4,1,5,1,7,2
100,65,100,-100,-100,-100,,,80,,1,2,2,2,2,1,1,1,1,2,2,,,25,,1,1,1,1,1,2,2,2,2,1,2,,,50,,1,2,2,2,2,1,1,1,1,2,2,,,,20,2,1,1,1,1,1,1,2,2,1,1,,,,30,2,1,1,2,2,2,2,2,2,1,1,,,,0,2,1,1,1,2,2,2,2,2,1,1,2,2,2,2,1,1,1,1,1,1,2,2,2,2,1,1,1,1,2,2,2,1,1,1,1,1,1,1,20,1,2,5,4,1,7,1,7,7,2,5,6,8,8
60,90,90,-90,-90,-80,,,0,,1,1,1,1,1,1,1,1,1,2,2,,,10,,1,1,1,1,1,1,1,1,1,2,2,,,7,,1,1,1,1,1,1,1,1,1,2,2,,,,5,2,1,1,1,1,2,2,2,2,1,1,,,,10,2,1,1,1,1,2,2,2,2,1,1,,,,7,1,1,1,1,1,2,2,2,2,1,1,1,1,1,1,1,1,1,1,1,2,2,1,1,1,1,1,1,1,1,2,2,1,1,1,1,1,1,2,18,1,2,3,6,5,2,1,4,7,1,2,1,8,8
97,39,97,-94,-51,-97,,,5,,1,2,2,1,1,1,1,1,1,2,2,,,5,,1,1,1,1,1,1,1,1,1,1,2,,,0,,1,2,2,2,2,1,1,1,1,2,2,,,,10,2,1,1,1,2,2,2,2,2,1,1,,,,5,2,1,1,2,2,2,2,2,2,1,1,,,,5,2,1,1,1,2,2,2,2,2,1,1,1,2,2,2,1,1,1,1,1,1,2,2,2,2,1,1,1,1,1,2,2,2,1,1,1,1,1,2,21,1,3,5,4,4,2,1,4,4,2,3,1,5,2
61,100,72,-100,-80,-17,,,0,,1,1,1,1,1,1,1,1,1,2,2,,,0,,1,1,1,1,1,1,1,1,1,1,2,,,0,,1,1,1,1,1,1,1,1,1,2,2,,,,3,2,1,1,1,2,2,2,2,2,1,1,,,,5,2,1,1,1,1,2,2,2,2,1,1,,,,1,1,1,1,1,1,2,2,2,2,1,1,1,2,2,1,1,1,1,1,1,1,2,2,1,1,1,1,1,1,1,2,2,1,1,1,1,1,1,2,18,1,2,4,4,7,3,1,2,5,2,5,1,7,2
60,25,100,-50,0,-80,,,5,,1,2,2,2,2,1,1,1,1,1,2,,,3,,1,1,1,1,1,2,2,2,2,1,1,,,50,,1,2,2,1,1,1,1,1,1,2,2,,,,15,2,1,1,1,1,2,2,2,2,1,1,5,0,,,2,1,1,1,1,2,2,2,2,1,1,,,,0,2,1,1,1,2,2,2,2,2,1,1,2,2,2,2,2,2,2,2,2,1,1,1,1,1,1,1,1,1,2,2,2,2,2,1,1,1,1,2,22,1,2,8,8,5,4,1,7,3,1,1,3,8,8
50,100,100,-83,-50,-42,,,5,,1,2,2,1,1,1,1,1,1,1,2,,,15,,1,2,2,2,1,1,1,1,1,2,2,,,18,,1,2,2,2,1,1,1,1,1,2,2,,,,15,2,1,1,1,1,2,2,2,2,1,1,,,,12,2,1,1,1,2,2,2,2,2,1,1,,,,10,2,1,1,1,2,2,2,2,2,1,1,1,2,2,1,1,1,1,1,1,2,2,2,2,1,1,1,1,1,2,2,2,1,1,1,1,1,1,2,22,1,2,3,4,7,4,1,6,5,2,1,1,6,3
80,100,100,-100,-85,-90,,,5,,1,1,1,1,1,1,1,1,1,2,2,,,10,,1,2,2,1,1,1,1,1,1,2,1,,,8,,1,1,1,1,1,1,1,1,1,2,2,,,,15,2,1,2,2,2,2,2,2,2,1,1,,,,10,2,1,1,1,2,2,2,2,2,1,1,,,,5,2,1,1,1,2,2,2,2,2,1,1,1,2,2,2,1,1,1,1,1,1,2,2,2,2,1,1,1,1,1,2,2,2,1,1,1,1,1,2,21,4,4,3,6,5,4,1,6,5,2,2,1,7,2
61,81,100,-90,-12,-21,,,2,,1,1,1,1,1,2,2,2,2,1,2,,,0,,1,1,1,1,1,1,1,1,1,1,2,,,0,,1,1,1,1,1,2,2,2,2,1,2,,,,10,2,1,1,1,1,2,2,2,2,1,1,,,,2,1,1,1,1,1,1,2,2,2,1,1,,,,5,2,1,1,2,2,2,2,2,2,1,1,1,2,2,1,1,1,1,1,1,1,2,1,1,1,1,1,1,1,1,2,2,1,1,1,1,1,1,2,18,1,2,4,5,4,2,1,5,5,2,5,3,5,1
50,20,100,-50,-90,10,,,10,,1,1,1,1,1,1,1,1,1,2,2,,,5,,1,1,1,1,1,1,1,1,1,2,1,,,20,,1,1,1,1,1,1,1,1,1,2,2,,,,10,2,1,1,1,1,2,2,2,2,1,1,,,,20,2,1,1,1,1,1,2,2,2,1,1,,,10,,1,2,2,2,2,1,1,1,1,1,1,1,2,2,1,1,1,1,1,1,1,2,2,1,1,1,1,1,1,2,2,2,2,2,1,1,1,1,1,20,1,2,6,4,5,7,1,7,4,4,3,3,7,8
50,65,100,-15,-75,-85,,,10,,1,2,1,1,1,1,2,2,2,1,2,,,20,,2,2,2,2,1,1,1,1,1,2,2,,,50,,1,1,1,1,1,1,1,1,1,2,2,,,,15,2,1,1,1,1,2,2,2,2,1,1,,,,0,2,1,1,1,1,1,2,2,2,1,1,,,,10,1,1,1,1,2,2,2,2,2,1,1,1,2,2,2,1,1,1,1,1,1,2,2,2,1,1,1,1,1,2,2,2,2,1,1,1,1,1,2,18,1,2,6,3,7,6,1,7,4,2,4,1,7,8
40,70,100,-40,-100,-100,,,0,,2,1,1,2,2,2,2,2,2,1,1,,,20,,2,1,1,1,1,2,2,2,2,1,2,,,0,,1,1,1,1,1,1,1,1,1,2,2,,,,50,2,1,1,1,2,2,2,2,2,1,1,,,,20,2,1,2,2,2,2,2,2,2,1,1,,,,20,2,1,1,2,2,2,2,2,2,1,1,2,2,2,2,1,1,1,2,2,2,2,2,2,1,1,1,1,1,1,2,2,2,2,1,1,1,1,2,20,6,2,8,8,8,8,1,7,5,2,8,8,8,8
45,23,100,-77,-26,-36,,,0,,1,1,1,1,1,1,2,2,1,2,2,,,10,,1,2,2,2,1,1,1,1,1,2,2,,,20,,2,2,2,2,2,1,1,1,1,2,2,,,,12,2,1,1,1,2,2,2,2,1,1,1,,,,0,2,1,1,2,2,2,2,2,2,1,1,,,,0,1,1,1,1,1,2,2,2,2,1,1,2,2,1,1,1,2,1,1,1,2,2,2,2,1,2,2,1,1,2,2,2,2,2,2,1,1,1,2,20,1,2,7,4,6,7,1,7,4,2,1,1,8,8
100,70,100,-90,-100,-100,,,0,,1,2,2,2,2,1,1,1,1,2,2,,,0,,1,1,1,1,1,1,2,2,2,1,2,,,20,,1,1,1,1,1,1,1,1,2,2,2,,,,50,2,1,1,1,2,2,2,2,2,1,1,,,,25,1,1,1,1,1,1,1,2,2,1,1,,,,20,1,1,1,1,1,1,2,2,2,1,1,2,2,2,1,1,1,1,1,1,2,2,2,2,1,1,1,1,1,2,2,2,1,1,1,1,1,2,1,19,1,2,3,5,3,6,1,3,8,8,7,1,7,1
83,73,100,-70,-60,-50,,,20,,1,1,1,1,1,1,1,2,2,1,2,,,20,,1,1,1,1,1,1,1,1,1,2,2,,,20,,1,2,1,1,1,1,1,2,2,1,2,,,,50,2,1,1,1,2,2,2,2,2,1,1,,,,0,2,1,1,1,2,1,2,2,2,1,1,,,,20,1,1,1,1,2,2,2,2,2,1,1,1,2,2,2,1,1,1,1,1,1,2,2,2,2,1,1,1,1,1,2,2,2,1,1,1,1,1,2,19,1,2,3,6,4,4,1,4,5,1,1,1,4,3
100,50,100,15,-100,-100,,,10,,1,1,1,1,1,1,1,1,1,2,1,,,0,,1,1,1,1,1,2,2,2,2,2,2,,,15,,1,1,1,1,1,1,1,1,1,2,2,,,0,,2,1,1,1,1,2,2,2,2,1,2,,,,10,2,2,1,1,1,2,2,2,2,1,1,,,,10,2,1,1,2,2,2,2,2,2,1,1,1,2,2,2,1,1,1,1,1,1,2,2,2,1,1,1,1,2,2,2,2,2,1,1,1,1,1,2,21,1,4,3,5,6,7,1,5,5,2,7,1,6,3
71,92,100,-100,-45,-60,,,7,,1,1,1,1,1,1,1,1,1,2,2,,,10,,1,1,1,1,1,1,1,1,1,2,2,,,5,,1,2,2,1,1,1,1,1,1,2,2,,,,35,2,2,2,2,2,2,2,2,2,1,1,,,,10,2,1,2,2,2,2,2,2,2,1,1,,,,25,2,1,1,2,2,2,2,2,2,1,1,2,2,2,2,1,1,1,1,1,2,2,2,2,1,1,1,1,1,2,2,2,2,1,1,1,1,1,2,20,6,2,6,4,7,8,1,8,8,8,4,1,7,8
100,90,100,-70,-90,-70,,,8,,1,2,2,2,1,1,1,1,1,2,2,,,8,,1,2,2,2,2,2,1,1,1,2,2,,,10,,2,2,2,2,2,2,1,1,1,2,1,,,,5,1,1,1,1,1,2,2,2,2,1,1,,,,15,2,1,1,1,1,2,2,2,2,1,1,,,,10,1,1,1,1,1,1,2,2,2,1,1,1,2,2,2,1,1,1,1,1,1,2,2,2,1,1,1,1,1,1,2,2,2,1,1,1,1,1,2,20,1,2,5,4,7,7,1,3,5,3,1,1,8,8
100,75,82,1,-47,39,,,20,,1,1,1,1,1,1,1,1,1,2,2,,,30,,2,1,1,1,2,2,2,2,2,1,2,,,10,,1,1,1,1,1,1,1,1,1,1,2,,,7,,1,1,1,1,1,2,2,2,2,1,1,,,,30,2,1,1,2,2,2,2,2,2,1,1,,,15,,2,1,1,1,1,2,2,2,2,1,1,2,2,1,1,1,1,1,1,1,2,2,1,1,1,1,1,1,1,1,1,1,1,1,1,1,1,1,1,21,3,2,4,2,1,6,1,1,4,3,1,4,7,1
100,44,77,-79,5,-48,,,15,,1,2,2,1,1,1,1,1,1,2,2,,,5,,1,2,2,1,1,1,1,1,1,2,2,,,10,,1,2,1,1,1,1,1,1,1,2,2,,,,20,1,1,1,1,1,1,2,2,2,1,1,,,0,,1,1,1,1,1,1,2,2,2,1,1,,,,5,1,1,1,1,1,1,2,2,2,1,1,1,2,2,1,1,1,1,1,1,1,2,2,1,1,1,1,1,1,1,2,2,1,1,1,1,1,1,2,18,1,2,3,1,3,6,1,4,5,2,1,1,5,3
100,100,100,-24,-67,-35,,,0,,1,2,2,2,1,1,1,1,1,2,1,,,7,,1,2,2,1,1,1,1,2,2,2,1,,,10,,1,1,1,1,1,1,1,1,1,2,2,,,,0,1,1,1,1,1,1,1,1,1,1,1,,,,0,1,1,1,1,1,1,1,2,2,1,1,,,,0,1,1,1,1,1,1,1,2,2,1,1,2,2,2,1,1,2,2,1,1,1,2,1,1,1,1,1,1,1,2,2,2,1,1,1,1,1,1,2,19,1,2,4,6,8,8,1,7,4,2,1,2,7,8
57,100,100,-100,22,-80,,,2,,1,2,2,2,1,1,1,1,1,2,2,,,6,,1,2,2,2,1,1,1,1,1,2,2,,,0,,1,2,2,1,1,1,1,1,1,2,2,,,,5,1,1,1,1,1,2,2,2,2,1,1,,,5,,1,1,1,1,1,2,2,2,2,1,2,,,,0,2,1,1,1,1,2,2,2,2,1,1,1,2,2,1,1,2,1,1,1,1,2,2,1,1,1,1,1,1,1,2,2,1,1,1,1,1,1,2,20,1,2,3,4,5,4,1,2,5,2,3,1,6,1
82,83,88,-35,-80,-51,,,5,,1,2,2,2,2,1,1,1,1,2,2,,,5,,1,2,2,2,2,1,1,1,1,2,2,,,1,,1,2,2,1,1,1,1,1,1,2,2,,,,5,1,1,1,1,1,2,2,2,2,1,1,,,,10,1,1,1,1,1,1,2,2,2,1,1,,,,10,1,1,1,1,1,2,2,2,2,1,1,1,2,2,1,1,1,1,1,1,1,2,2,1,1,1,1,1,1,1,2,2,1,1,1,1,1,1,2,24,1,2,3,6,6,6,4,4,6,2,8,8,8,8
48,-6,100,-83,-100,16,,,5,,1,1,1,1,1,1,1,1,1,2,2,,,,10,1,1,1,1,2,2,2,2,2,1,2,,,5,,1,2,1,1,1,1,1,1,1,1,2,,,,10,1,1,1,1,1,2,2,2,2,1,1,,,,15,1,1,1,1,1,2,2,2,2,1,1,,,0,,1,1,1,1,1,2,2,2,2,1,1,1,2,2,1,1,1,1,1,1,1,2,2,2,1,1,1,2,2,2,2,2,2,2,2,2,2,2,2,18,1,4,3,5,5,4,1,3,4,1,4,1,5,3
100,50,65,-60,-15,-50,,,0,,1,2,2,2,2,1,1,1,1,2,2,,,1,,1,1,1,1,1,1,1,2,2,1,2,,,0,,1,1,1,1,1,1,2,2,2,1,2,,,,1,1,1,1,1,1,2,2,2,2,1,1,,,,2,1,1,1,1,1,2,2,2,2,1,1,,,,2,1,1,1,1,1,2,2,2,2,1,1,1,2,2,2,1,1,1,1,1,1,2,2,1,1,1,1,1,1,1,2,2,2,1,1,1,1,1,1,19,1,2,2,3,1,4,2,6,7,1,8,8,8,8
55,71,85,-90,-45,-30,,,2,,1,1,1,1,1,1,1,2,2,1,2,,,3,,1,2,2,2,1,1,1,1,1,2,2,,,5,,1,2,2,2,1,1,1,1,1,2,2,,,,5,1,1,1,1,1,2,2,2,2,1,1,,,,2,1,1,1,1,1,1,2,2,2,1,1,,,,3,1,1,1,1,1,1,1,2,2,1,1,1,2,2,1,1,1,1,1,1,2,2,2,1,1,1,1,1,1,2,2,2,2,1,1,1,1,1,2,19,1,2,3,6,5,4,1,7,3,1,3,2,5,4
77,56,100,-60,-34,-67,,,3,,1,2,2,2,1,1,1,1,1,2,2,,,3,,1,2,2,2,1,1,1,1,1,2,2,,,5,,1,2,2,2,1,1,1,1,1,1,2,,,,5,1,1,1,1,1,2,1,2,2,1,1,,,,7,1,1,1,1,1,1,2,2,2,1,1,,,,10,2,1,1,1,1,2,2,2,2,1,1,2,2,2,1,1,1,1,1,1,1,2,2,1,1,1,1,1,1,2,2,2,1,1,1,1,1,1,2,18,1,2,5,6,4,4,1,7,3,2,1,1,4,3
58,56,70,-90,-68,-100,,,2,,2,2,2,2,2,1,1,1,1,2,2,,,5,,1,2,2,2,2,1,1,1,1,2,2,,,2,,1,2,2,2,1,1,1,1,1,2,2,,,,3,1,1,1,1,1,2,2,2,2,1,1,,,,5,2,1,1,1,1,2,2,2,2,1,1,,,,5,1,1,1,1,1,2,2,2,2,1,1,1,2,2,2,1,2,1,1,1,1,2,2,1,1,2,1,1,1,1,2,2,2,1,1,1,1,1,2,19,1,2,3,3,7,4,1,3,4,2,1,1,6,1
-5,50,100,-100,-100,-100,,,,0,1,2,2,1,1,1,1,1,1,2,2,,,5,,1,1,1,1,1,1,2,2,2,1,2,,,5,,1,1,2,2,1,1,1,1,1,2,2,,,,5,1,1,1,1,1,2,2,2,2,1,1,,,,10,2,1,1,1,2,2,2,2,2,1,1,,,,10,2,1,1,1,2,2,2,2,2,1,1,1,2,2,1,1,1,1,1,1,1,2,2,1,1,1,1,1,1,1,2,2,1,1,1,1,1,1,2,22,1,3,7,4,6,4,1,2,6,1,8,8,5,2
100,-20,100,-100,-100,-100,,,2,,2,2,2,2,2,1,1,1,1,2,1,,,,0,1,1,1,1,2,2,2,2,2,1,1,,,0,,2,2,2,2,2,1,1,1,1,2,2,,,,0,1,1,1,1,1,2,2,2,2,1,1,,,,0,1,1,1,1,1,2,2,2,2,1,1,,,,0,1,1,1,1,1,2,2,2,2,1,1,2,2,2,1,1,2,2,1,1,1,1,1,1,1,2,2,2,2,1,2,2,1,1,2,2,1,1,2,19,1,2,5,3,1,6,1,7,4,2,2,2,7,4
82,81,80,39,-81,-70,,,10,,1,1,1,1,1,1,1,1,1,1,2,,,10,,1,1,1,1,1,1,1,1,1,1,2,,,15,,1,1,1,1,1,1,1,1,1,1,2,,,2,,1,1,1,1,1,2,2,2,2,1,1,,,,0,1,1,1,1,1,2,2,2,2,1,1,,,,10,2,1,1,1,1,2,2,2,2,1,1,1,2,2,1,1,1,1,1,1,1,2,2,1,1,1,1,1,1,1,2,2,1,1,1,1,1,1,2,24,1,2,3,4,7,6,2,1,5,1,3,2,8,8
80,61,60,-40,-100,-100,,,5,,1,2,2,1,1,1,1,1,1,1,1,,,20,,1,2,2,2,1,1,1,1,1,2,1,,,15,,1,2,1,1,1,1,1,1,1,2,2,,,,15,1,1,1,1,1,1,2,2,2,1,1,,,,10,2,1,1,2,2,2,2,2,2,1,1,,,,25,2,1,2,2,2,2,2,2,2,1,1,1,2,2,2,1,1,1,1,1,1,2,2,2,1,1,1,1,1,1,2,2,2,1,1,1,1,1,2,21,1,2,5,5,7,4,2,6,5,2,7,3,5,2
100,100,90,-50,-70,-70,,,10,,1,2,2,2,1,1,1,1,1,2,2,,,10,,1,2,2,2,2,1,1,1,1,2,2,,,7,,1,2,2,2,1,1,1,1,1,2,2,,,,0,1,1,1,1,1,1,2,2,2,1,1,,,,5,2,1,1,1,2,2,2,2,2,1,1,,,,5,2,1,1,1,2,2,2,2,2,1,1,2,2,2,2,1,2,1,1,1,2,2,2,2,1,2,1,1,1,2,2,2,2,1,2,1,1,1,2,18,1,2,4,5,3,2,1,5,5,2,2,1,5,3
100,100,100,-100,-25,-100,,,2,,1,2,2,2,1,1,1,1,1,2,2,,,10,,1,2,2,2,1,1,1,1,1,1,2,,,5,,1,2,1,1,1,1,1,1,1,1,2,,,,2,1,1,1,1,1,2,2,2,2,1,1,,,,0,2,1,1,1,2,2,2,2,2,1,1,,,,0,1,1,1,1,1,1,2,2,2,1,1,1,2,2,2,1,1,1,1,1,2,2,2,2,1,1,1,1,1,1,2,2,2,1,1,1,1,1,2,20,1,2,3,5,4,4,2,5,4,3,2,1,5,2
100,95,95,-20,-25,-50,,,2,,1,2,2,1,1,1,1,1,1,2,2,,,0,,1,2,2,1,1,1,1,1,1,2,2,,,1,,1,2,2,1,1,1,1,1,1,2,2,,,,2,1,1,1,1,1,2,2,2,2,1,1,,,,3,2,1,1,1,2,2,2,2,2,1,1,,,,5,2,1,1,2,2,2,2,2,2,1,1,2,2,1,1,1,1,1,1,1,1,1,1,1,1,1,1,1,1,2,2,2,2,1,1,1,1,1,2,21,1,2,8,8,5,7,1,3,4,1,1,2,6,2
5,84,80,-32,-100,-100,,,5,,2,2,2,2,2,2,2,2,2,1,1,,,8,,1,1,1,1,1,1,1,1,1,2,2,,,10,,1,1,1,1,1,1,1,2,2,1,2,,,,15,1,1,1,1,1,1,1,2,2,1,1,,,,25,1,1,1,1,1,1,2,2,2,1,1,,,,20,2,1,1,1,1,1,2,2,2,1,1,1,2,2,2,1,1,1,1,1,2,2,1,1,1,1,1,1,1,1,2,2,2,1,1,1,1,1,2,23,4,4,3,4,6,3,2,2,6,1,8,8,7,3
100,100,100,-50,-70,-70,,,10,,1,2,2,1,1,1,1,1,1,2,2,,,20,,1,2,2,2,1,1,1,1,1,2,2,,,2,,2,2,2,2,2,2,1,1,1,2,2,,,,0,2,1,1,1,1,2,2,2,2,1,1,,,,5,1,1,1,1,1,1,1,1,1,1,1,,,,5,1,1,1,1,1,1,1,2,2,1,1,2,2,2,1,1,1,1,1,1,1,2,2,2,2,1,1,1,1,2,2,1,1,1,1,1,1,1,2,18,1,2,8,5,5,6,1,7,4,2,2,2,7,3
41,92,100,-80,-50,-50,,,10,,2,2,2,1,1,1,1,1,1,1,1,,,20,,2,2,2,2,1,1,1,1,1,2,1,,,15,,1,1,1,1,1,1,1,1,1,2,2,,,,30,2,1,1,1,1,1,2,2,2,1,1,,,,0,1,1,1,1,1,1,1,2,2,1,1,,,,10,1,1,1,1,1,2,2,2,2,1,1,1,2,2,1,1,2,1,1,1,1,2,2,1,1,1,1,1,1,2,2,2,1,1,2,1,1,1,2,19,6,2,3,7,8,8,1,5,3,2,1,2,8,8
88,100,91,-50,11,17,,,5,,2,2,2,2,2,1,1,1,1,2,2,,,15,,1,2,2,2,2,1,1,1,1,2,2,,,10,,1,2,2,2,1,1,1,1,1,2,2,,,,10,1,1,1,1,1,1,1,1,2,1,1,,,1,,2,1,1,1,1,1,1,2,2,1,1,,,1,,1,1,1,1,1,1,1,1,2,1,1,2,2,2,1,1,1,1,1,1,2,2,2,1,1,1,1,1,1,1,2,2,1,1,1,1,1,1,2,18,1,2,3,7,6,3,2,3,4,4,1,2,5,3
98,40,100,100,-52,-61,,,0,,1,2,2,2,2,2,2,2,2,2,2,,,5,,1,1,1,1,1,1,1,1,1,1,2,,,20,,1,1,1,1,1,1,1,1,1,2,2,,,40,,1,1,1,1,1,2,2,2,2,1,1,,,,0,2,1,1,1,1,2,2,2,2,1,1,,,,10,1,1,1,1,1,1,1,1,1,1,1,1,2,2,1,1,1,1,1,1,1,1,1,1,1,1,1,1,1,1,2,2,1,1,1,1,1,1,2,22,1,4,6,7,8,8,1,7,8,8,4,2,8,8
100,100,100,-80,-65,-50,,,20,,1,1,1,1,1,1,1,1,1,1,2,,,0,,1,1,1,1,1,1,1,1,1,2,2,,,0,,1,1,1,1,1,1,1,1,1,2,2,,,,0,2,1,1,1,1,2,2,2,2,1,1,,,,10,2,1,1,1,1,2,2,2,2,1,1,,,,0,2,1,1,1,1,1,2,2,2,1,1,2,2,2,2,1,1,1,1,1,2,2,2,2,1,1,1,1,1,2,2,2,2,1,1,1,1,1,2,19,1,2,5,2,6,3,1,4,3,1,1,1,7,2
95,100,80,-75,-100,-100,,,10,,1,1,1,1,1,1,1,1,1,2,2,,,25,,1,2,1,1,1,1,1,1,1,2,2,,,5,,1,1,1,1,1,1,1,1,1,1,2,,,,10,2,1,1,1,2,2,2,2,2,1,1,,,,5,2,1,1,1,2,2,2,2,2,1,1,,,,10,2,1,1,1,2,2,2,2,2,1,1,1,2,2,2,2,1,1,1,1,2,2,2,2,2,1,1,1,1,1,2,2,1,1,1,1,1,1,2,18,1,2,1,4,7,4,1,4,7,2,3,3,5,1
70,90,90,-70,-75,-80,,,2,,1,1,1,1,1,1,1,1,1,1,2,,,15,,1,1,1,1,1,1,1,1,1,2,2,,,10,,1,1,1,1,1,1,1,1,1,2,2,,,,5,1,1,1,1,1,1,1,2,2,1,1,,,,1,1,1,1,1,1,1,1,2,2,1,1,,,,3,1,1,1,1,1,1,1,2,2,1,1,2,2,2,2,1,1,1,1,1,2,2,2,2,1,1,1,1,1,2,2,2,2,1,1,1,1,1,2,18,4,2,3,5,3,2,1,7,7,2,4,2,6,1
90,87,87,-83,-100,-100,,,3,,1,2,1,1,1,1,1,1,1,2,1,,,4,,2,2,2,2,2,1,1,1,1,2,2,,,4,,1,1,1,1,1,1,1,1,1,2,2,,,,5,2,1,1,1,2,2,2,2,2,1,1,,,,6,2,1,1,1,2,2,2,2,2,1,1,,,,3,2,1,1,1,1,1,2,2,2,1,1,2,2,2,2,1,2,2,1,1,2,2,2,2,1,2,2,1,1,2,2,1,1,1,2,1,1,1,2,18,1,2,2,5,5,3,1,6,3,1,1,3,4,1
100,100,100,51,-65,-78,,,5,,1,2,2,1,1,1,1,1,1,1,1,,,15,,1,2,2,2,1,1,1,1,1,1,2,,,5,,1,1,1,1,1,1,1,1,1,2,2,,,0,,1,1,1,1,1,2,2,2,2,1,1,,,,5,1,1,1,1,1,2,2,2,2,1,2,,,,5,2,1,1,1,1,2,2,2,2,1,1,1,2,2,1,1,2,1,1,1,2,2,2,2,1,2,1,1,1,2,2,2,1,1,2,1,1,1,2,20,1,2,6,6,5,4,1,8,5,2,2,1,6,4
75,90,85,-75,-65,-5,,,10,,1,2,2,1,1,1,1,1,1,2,2,,,25,,1,2,2,1,1,1,1,1,1,2,2,,,10,,1,1,1,1,1,1,1,1,1,1,2,,,,5,2,1,1,1,1,2,2,2,2,1,1,,,,10,2,1,1,1,2,2,2,2,2,1,1,,,,5,2,1,1,1,2,2,2,2,2,1,1,1,2,2,2,1,1,1,1,1,2,2,2,2,1,1,1,1,1,2,2,2,2,1,1,1,1,1,2,19,1,2,3,3,6,3,1,5,6,4,7,1,4,1
40,10,80,-50,0,0,,,5,,2,1,1,1,1,1,1,1,2,1,1,,,25,,1,1,1,1,1,1,1,1,2,1,1,,,10,,1,1,1,1,1,1,1,1,2,2,2,,,,20,1,1,1,1,1,1,1,1,1,1,1,0,50,,,1,1,1,1,1,1,1,1,2,1,1,45,45,,,1,1,1,1,1,1,1,1,2,1,1,1,2,1,1,1,1,1,1,2,1,2,1,1,1,1,1,1,1,1,2,2,1,1,1,1,1,1,2,19,4,4,3,5,8,8,1,7,2,2,1,2,5,4
85,30,100,-70,-80,-30,,,0,,1,2,2,1,1,1,1,1,1,2,1,,,0,,2,2,2,2,2,2,2,2,2,1,1,,,0,,1,1,1,1,1,1,1,1,1,2,2,,,,5,1,1,1,1,1,1,1,2,2,1,1,,,,2,1,1,1,1,1,1,2,2,2,1,1,,,,0,2,1,1,1,1,2,2,2,2,1,1,1,2,2,1,1,1,1,1,1,1,2,2,1,1,1,1,1,1,2,2,2,1,1,1,1,1,1,2,18,1,2,7,2,7,5,1,3,6,1,1,2,8,8
73,90,51,-85,-63,-75,,,1,,1,1,1,1,1,1,1,1,1,2,2,,,20,,1,1,1,1,1,1,1,1,1,2,2,,,1,,1,1,1,1,2,2,2,2,2,1,2,,,,10,2,1,1,1,2,2,2,2,2,1,1,,,,10,2,1,1,2,2,2,2,2,2,1,1,,,,20,2,1,1,2,2,2,2,2,2,1,1,1,2,2,1,1,1,1,1,1,1,2,2,1,1,1,1,1,1,1,2,2,1,1,1,1,1,1,2,18,1,2,3,7,6,3,1,5,7,3,7,2,7,2
56,50,62,-11,-26,-40,,,0,,1,1,1,1,1,1,1,1,1,1,2,,,2,,1,2,2,2,1,1,1,1,1,2,2,,,0,,2,1,1,1,1,1,2,2,2,1,2,,,,2,1,1,1,1,1,2,2,2,2,1,1,,,,3,2,1,1,2,2,2,2,2,2,1,1,,,,3,1,1,1,1,1,1,2,2,2,1,1,2,2,2,1,1,1,1,1,1,1,2,2,2,1,2,1,1,1,2,2,2,1,1,1,1,1,1,2,19,1,2,3,2,6,3,3,3,3,2,1,2,1,1
50,60,100,-50,-80,-100,,,5,,1,1,1,1,1,1,1,1,1,1,2,,,10,,1,2,2,1,1,1,1,1,1,1,2,,,15,,1,2,2,2,1,1,1,1,1,2,2,,,,5,1,1,1,1,1,1,2,2,2,1,1,,,,13,1,1,1,1,1,2,2,2,2,1,1,,,,20,2,1,1,1,2,2,2,2,2,1,1,2,2,1,1,1,1,1,1,1,1,2,2,2,2,1,1,1,1,2,2,2,1,1,1,1,1,1,2,18,1,2,3,3,6,8,1,5,6,1,7,2,8,8
90,95,100,-5,0,-10,,,0,,1,1,1,1,1,1,1,1,1,1,2,,,0,,1,1,1,1,1,1,1,1,1,1,2,,,0,,1,1,1,1,1,1,1,1,1,1,2,,,,0,2,1,1,1,1,2,2,2,2,1,1,0,0,,,2,1,1,1,2,2,2,2,2,1,1,,,,0,2,1,1,1,2,2,2,2,2,1,1,1,2,2,2,2,1,1,1,1,2,2,2,2,2,1,1,1,1,1,2,2,2,2,1,1,1,1,2,19,1,2,2,2,7,4,3,3,3,1,2,1,7,2
85,70,100,-50,-85,-80,,,5,,1,2,2,1,1,1,1,1,1,1,2,,,50,,1,1,1,1,1,1,1,1,1,1,2,,,80,,1,1,1,1,1,1,1,1,1,2,2,,,,30,2,1,1,1,1,1,1,2,2,1,1,,,,30,2,1,1,1,1,2,2,2,2,1,1,,,,10,2,1,1,1,2,2,1,2,2,1,1,1,2,2,1,1,1,1,1,1,1,2,2,2,1,1,1,1,1,1,2,2,2,1,1,1,1,1,2,21,6,2,5,4,5,8,1,7,4,2,1,1,5,8
81,84,80,-60,-70,-70,,,5,,1,2,2,2,1,1,1,1,1,2,2,,,10,,1,2,2,2,1,1,1,1,1,2,2,,,5,,1,2,2,1,1,1,1,1,1,1,2,,,,5,1,1,1,1,1,2,2,2,2,1,1,,,,10,1,1,1,1,1,2,2,2,2,1,1,,,,10,1,1,1,1,1,2,2,2,2,1,1,1,2,2,2,1,1,1,1,1,2,2,2,2,2,1,1,1,1,1,2,2,2,2,1,1,1,1,2,18,1,2,2,6,5,6,1,3,8,8,7,1,6,2
74,96,90,-75,-60,-42,,,6,,1,2,2,2,1,1,1,1,1,2,2,,,15,,1,2,2,2,1,1,1,1,1,2,2,,,30,,1,2,2,1,1,1,1,1,1,2,2,,,,7,2,1,1,1,1,2,2,2,2,1,1,,,,4,2,1,1,1,2,2,2,2,2,1,1,,,,8,2,1,2,2,1,1,2,2,2,1,1,2,2,2,2,1,1,1,1,1,2,2,2,2,1,1,1,1,1,1,2,2,2,1,1,1,1,1,2,18,1,2,4,5,6,4,1,4,6,3,7,2,7,2
59,89,100,-100,-45,-45,,,30,,1,1,1,1,1,1,2,2,2,2,2,,,50,,1,1,1,1,1,2,2,2,2,1,2,,,55,,1,1,1,1,1,1,1,1,1,2,2,,,,50,1,1,1,1,1,1,1,2,2,1,1,,,,20,1,1,1,1,1,1,1,2,2,1,1,,,,20,1,1,1,1,1,1,1,1,2,1,1,2,2,2,2,1,1,1,1,1,1,2,2,2,1,1,1,1,1,2,2,2,2,2,1,1,1,1,2,18,1,2,4,3,5,4,1,3,5,2,8,8,8,8
100,100,100,-70,-50,-40,,,3,,1,2,2,2,2,1,1,1,1,2,1,,,8,,2,2,2,2,2,2,1,1,1,2,1,,,4,,1,2,2,1,1,2,2,2,2,1,2,,,,7,1,1,1,1,1,1,2,2,2,1,1,,,,4,1,1,1,1,1,1,2,2,2,1,1,,,,3,1,1,1,1,1,1,2,2,2,1,1,1,2,2,1,1,1,1,1,1,1,2,2,1,1,2,2,1,1,1,2,2,1,1,1,1,1,1,2,21,1,2,4,6,6,4,1,3,4,2,3,1,5,2
71,55,79,-41,-81,-100,,,0,,1,1,1,1,1,1,1,1,1,1,2,,,10,,1,1,1,1,1,1,1,1,1,2,2,,,10,,1,1,1,1,1,1,1,1,1,1,2,,,,20,2,1,1,1,1,2,2,2,2,1,1,,,,10,2,1,1,1,2,2,2,2,2,1,1,,,,20,2,1,1,1,2,2,2,2,2,1,1,1,2,2,2,1,1,1,1,1,1,2,2,2,1,1,1,1,1,1,2,2,2,1,1,1,1,1,2,19,1,2,4,4,7,4,1,2,6,1,7,1,4,1
20,100,100,75,-100,-100,,,0,,1,1,1,1,1,1,1,2,2,1,1,,,10,,1,1,1,1,1,1,1,1,1,1,2,,,0,,1,1,1,1,1,1,1,2,2,1,2,,,0,,1,1,1,1,1,1,1,2,2,1,1,,,,5,1,1,1,1,1,1,1,2,2,1,1,,,,0,1,1,1,1,1,1,1,2,2,1,1,1,2,2,1,1,1,1,1,1,1,2,2,1,1,1,1,1,1,1,2,2,1,1,1,1,1,1,2,21,1,2,3,5,7,5,1,2,5,2,2,1,4,1
67,80,77,-40,-40,-76,,,5,,1,1,1,1,1,1,1,2,2,1,1,,,25,,1,2,2,2,2,1,1,1,1,1,2,,,5,,2,1,1,1,1,1,2,2,2,1,2,,,,2,2,1,1,1,1,2,2,2,2,1,1,,,,0,2,1,1,1,1,2,2,2,2,1,1,,,,20,2,1,1,1,1,2,2,2,2,1,1,2,2,2,1,1,2,2,1,1,1,2,2,1,1,2,2,1,1,1,2,2,1,1,2,2,1,1,1,25,1,4,4,2,7,5,1,2,4,2,1,1,7,8
82,93,100,-98,-100,-56,,,10,,2,2,2,2,2,1,1,1,1,2,2,,,25,,1,2,2,2,1,1,1,1,1,2,2,,,10,,1,1,1,1,1,2,2,2,1,2,2,,,,20,2,1,1,2,2,2,2,2,2,1,1,,,,15,2,1,1,1,2,2,2,2,2,1,1,,,,10,2,1,1,1,1,2,2,2,2,1,1,2,2,2,2,1,1,1,1,1,2,2,2,2,1,2,1,1,1,2,2,2,2,1,2,1,1,1,2,19,1,2,3,5,4,4,1,3,5,2,7,2,5,4
22,8,100,-77,-49,-45,,,5,,1,2,1,1,1,1,1,2,2,1,2,,,5,,1,1,1,1,1,1,1,2,2,1,1,,,50,,1,2,2,1,1,1,1,1,1,2,2,,,,10,2,1,1,1,1,2,2,2,2,1,1,,,,20,2,1,1,1,2,2,2,2,2,1,1,,,,20,2,1,1,1,2,2,2,2,2,1,1,1,2,2,2,1,1,1,1,1,1,2,2,2,1,1,1,1,2,1,2,2,2,1,1,1,1,1,2,19,1,2,6,3,7,4,1,4,7,2,6,2,7,3
75,80,95,-70,-50,-20,,,1,,1,2,2,1,1,1,1,1,1,2,1,,,3,,1,2,2,2,2,2,1,1,1,2,1,,,4,,1,2,2,2,1,1,1,1,1,2,2,,,,5,2,1,1,1,2,2,2,2,2,1,1,,,,5,2,1,1,1,2,2,2,2,2,1,1,,,,2,1,1,1,1,1,1,1,2,2,1,1,1,2,2,1,1,1,1,1,1,2,2,2,1,1,2,2,1,1,2,2,2,2,2,1,1,1,1,2,19,1,2,3,5,7,4,1,1,3,1,1,2,5,2
39,80,70,-77,25,-40,,,10,,1,2,2,1,1,1,1,1,1,1,2,,,25,,1,2,2,1,1,1,1,1,1,2,2,,,35,,1,1,1,1,1,1,1,1,1,1,2,,,,5,2,1,1,1,2,2,2,2,2,1,1,,,1,,2,1,1,1,1,2,2,2,2,1,1,,,,10,2,1,1,1,2,2,2,2,2,1,1,2,2,2,1,1,1,1,1,1,1,2,2,1,1,1,1,1,1,1,2,2,2,1,1,1,1,1,1,21,1,2,4,4,1,3,1,2,5,1,3,1,7,2
37,50,71,-24,-50,-28,,,20,,1,2,2,2,2,2,1,1,1,1,2,,,10,,1,2,1,1,1,1,1,2,2,2,2,,,20,,1,1,2,1,1,1,1,1,1,2,2,,,,10,2,1,1,1,1,2,2,2,2,1,1,,,,10,2,1,1,1,2,2,2,2,2,1,1,,,,15,2,1,1,1,2,2,2,2,2,1,1,1,2,2,1,1,1,1,1,1,1,2,2,1,1,1,1,1,1,2,2,2,2,1,1,1,1,1,2,21,1,2,6,3,4,4,1,7,4,1,2,1,5,2
100,100,100,-50,-100,-100,,,0,,2,2,2,2,2,2,1,1,1,2,2,,,5,,1,2,2,2,1,1,1,1,1,2,2,,,5,,2,2,2,2,2,2,1,1,1,2,2,,,,0,2,1,1,1,2,2,2,2,2,1,1,,,,2,2,1,1,1,1,2,2,2,2,1,1,,,,0,2,1,1,1,1,2,2,2,2,1,1,1,2,2,2,1,1,1,1,1,2,2,2,1,1,1,1,1,1,1,2,2,2,1,1,1,1,1,2,18,1,2,3,6,3,2,1,7,4,3,8,8,7,4
59,100,50,-60,-25,-20,,,5,,1,2,2,2,1,1,1,1,1,2,2,,,20,,1,2,2,1,1,1,1,1,1,2,2,,,3,,1,2,2,2,1,1,1,1,1,2,2,,,,2,2,1,1,1,1,2,2,2,2,1,1,,,,3,2,1,1,1,1,2,2,2,2,1,1,,,,4,2,1,1,1,1,2,2,2,2,1,1,1,2,2,2,1,2,2,1,1,2,2,2,2,1,2,1,1,1,1,2,2,2,1,1,1,1,1,2,19,1,2,4,5,7,7,1,2,7,2,6,2,8,8
25,96,94,26,-59,-20,,,7,,1,1,1,1,1,2,2,2,2,1,2,,,12,,1,1,1,1,1,1,1,1,1,2,2,,,10,,1,1,1,1,1,1,1,1,1,2,2,,,5,,2,1,1,1,1,1,2,2,2,1,2,,,,1,2,1,1,1,2,2,2,2,2,1,1,,,,1,2,1,1,2,2,2,2,2,2,1,1,2,2,2,2,2,1,1,1,1,2,2,2,2,2,1,1,1,1,2,2,2,2,2,1,1,1,1,1,23,1,2,3,6,6,4,1,7,3,3,2,3,7,1
95,90,95,-30,-80,-60,,,20,,1,2,2,1,1,1,1,1,1,2,2,,,20,,1,2,2,2,1,1,1,1,1,2,2,,,20,,1,2,1,1,1,1,1,1,1,2,2,,,,5,1,1,1,1,1,2,2,2,2,1,1,,,,10,2,1,1,2,2,2,2,2,2,1,1,,,,5,2,1,1,2,2,2,2,2,2,1,1,2,2,2,2,1,1,1,1,1,2,2,2,2,1,1,1,1,1,2,2,2,1,1,1,1,1,1,2,21,1,2,3,3,4,6,2,3,3,1,1,1,7,3
100,75,90,-70,-20,80,,,20,,1,2,2,2,2,1,1,1,1,2,2,,,40,,2,2,2,2,2,2,1,1,1,1,1,,,45,,2,2,2,2,2,1,1,1,1,1,2,,,,45,1,1,1,1,1,2,2,2,2,1,1,,,,10,2,1,1,1,1,2,2,2,2,1,1,,,30,,2,2,2,2,2,2,2,2,2,1,2,2,2,2,1,1,1,1,1,1,1,2,2,1,1,1,1,1,1,2,2,2,2,1,2,1,1,1,2,20,1,4,6,3,3,4,1,3,4,4,1,2,8,8
80,100,70,-80,-50,-96,,,5,,1,2,2,2,1,1,1,1,1,2,2,,,30,,1,2,2,2,1,1,1,1,1,2,2,,,15,,1,2,2,1,1,1,1,1,1,2,2,,,,25,2,1,1,1,1,2,2,2,2,1,1,,,,30,2,1,1,1,1,2,2,2,2,1,1,,,,10,2,1,1,1,1,2,2,2,2,1,1,1,2,2,1,1,1,1,1,1,1,2,2,1,1,1,1,1,1,1,2,2,1,1,1,1,1,1,2,17,1,2,3,5,6,3,1,3,5,2,7,2,6,2
23,35,31,-18,-21,-72,,,0,,1,2,2,1,1,1,1,1,1,1,2,,,10,,1,2,2,2,1,1,1,1,1,2,2,,,1,,1,1,1,1,1,1,1,1,1,1,2,,,,0,1,1,1,1,1,2,2,2,2,1,1,,,,5,2,1,1,1,2,2,2,2,2,1,1,,,,5,2,1,1,1,2,2,2,2,2,1,1,1,2,2,2,1,1,1,1,1,2,2,2,2,2,1,1,1,1,1,2,2,2,1,1,1,1,1,2,20,1,2,3,5,7,4,1,2,5,1,1,1,8,8
55,100,100,-64,-34,-50,,,5,,1,2,2,2,1,1,1,1,1,2,1,,,10,,1,2,2,2,2,1,1,1,1,2,2,,,15,,1,2,2,1,1,1,1,1,1,2,2,,,,10,1,1,1,1,1,1,2,2,2,1,1,,,,10,2,1,1,1,1,2,2,2,2,1,1,,,,5,1,1,1,1,1,1,2,2,2,2,2,1,2,2,1,1,1,1,1,1,2,2,2,1,1,1,1,1,1,2,2,2,2,1,1,1,1,1,2,18,1,2,3,6,5,2,1,7,5,2,4,1,7,2
42,9,100,-31,-60,19,,,10,,2,1,1,1,1,1,1,1,1,2,2,,,5,,2,1,1,2,2,2,2,2,2,1,1,,,20,,1,2,1,1,1,1,1,1,1,2,2,,,,15,1,1,1,1,2,2,2,2,2,1,1,,,,8,2,1,1,2,2,2,2,2,2,1,1,,,0,,1,1,1,1,1,1,2,2,2,1,1,2,2,2,1,1,2,2,1,1,1,1,1,1,1,1,1,1,1,2,2,2,2,2,2,2,2,2,2,18,2,2,8,8,6,3,1,7,6,1,5,2,8,8
100,100,100,-15,-100,-100,,,5,,1,2,2,1,1,1,1,1,1,2,1,,,5,,1,2,2,2,2,2,1,1,1,2,2,,,1,,1,2,1,1,1,1,1,1,1,1,2,,,,10,2,1,1,2,2,2,2,2,2,1,1,,,,3,2,1,1,2,2,2,2,2,2,1,1,,,,8,2,1,1,1,2,2,2,2,2,1,1,2,2,2,2,1,2,2,1,1,2,2,2,1,1,1,1,1,1,1,2,2,2,1,2,1,1,1,2,18,1,2,2,4,4,4,2,2,4,1,1,1,8,8
95,60,90,0,-50,-60,,,5,,1,2,2,1,1,1,1,1,1,2,2,,,10,,1,2,2,1,1,1,1,1,1,2,1,,,3,,1,1,1,1,1,1,1,1,1,2,2,0,0,,,2,1,1,1,2,2,2,2,2,1,1,,,,5,2,1,1,1,2,2,2,2,2,1,1,,,,10,2,1,1,1,1,1,2,2,2,1,1,1,2,2,1,1,1,1,1,1,2,2,2,1,1,2,1,1,1,1,2,2,2,1,1,1,1,1,2,21,1,2,5,3,5,4,1,3,4,1,1,1,6,2
75,75,80,-25,-40,-50,,,10,,1,1,1,1,1,1,1,1,1,2,2,,,20,,1,2,2,2,1,1,1,1,1,2,1,,,25,,1,1,1,1,1,1,1,1,1,2,2,,,,0,1,1,1,1,1,1,2,2,2,1,2,,,,0,2,1,1,1,1,1,1,2,2,1,1,,,,0,2,1,1,1,1,2,2,2,2,1,1,1,2,2,2,1,1,1,1,1,1,2,1,1,1,1,1,1,1,1,2,2,2,1,1,1,1,1,2,19,1,2,4,5,7,6,1,2,6,2,8,8,8,8
70,50,90,-10,-60,-95,,,2,,2,2,2,2,2,1,1,1,1,2,1,,,2,,1,2,2,2,2,2,2,2,2,2,1,,,3,,1,1,1,1,1,1,1,1,1,2,2,,,,3,1,1,1,1,1,2,2,2,2,1,1,,,,4,2,1,1,1,2,2,2,2,2,1,1,,,,1,2,1,1,1,2,2,2,2,2,1,1,2,2,2,2,2,1,1,1,1,1,1,1,1,1,1,1,1,2,2,2,2,2,2,1,1,1,1,2,20,1,2,7,8,7,8,1,6,6,7,6,2,4,3
60,100,100,-70,-100,-81,,,5,,2,1,1,1,2,2,2,2,2,1,2,,,10,,1,2,2,1,1,1,1,1,1,1,2,,,10,,1,1,1,1,1,1,1,1,1,2,2,,,,10,2,1,2,2,2,2,2,2,2,1,1,,,,10,2,2,2,2,2,2,2,2,2,1,1,,,,5,2,1,2,2,2,2,2,2,2,1,1,1,2,2,2,1,1,1,1,1,1,2,2,2,1,1,1,1,1,1,2,2,1,1,1,1,1,1,2,19,1,4,3,6,6,2,1,7,7,1,7,1,7,8
85,40,85,-50,-85,-80,,,20,,1,2,2,2,2,1,1,1,1,2,2,,,10,,1,1,1,1,1,2,2,2,2,1,1,,,20,,1,2,2,2,2,1,1,1,1,2,2,,,,10,1,1,1,1,1,2,2,2,2,1,1,,,,15,2,1,1,1,1,2,2,2,2,1,1,,,,10,2,1,1,1,2,2,2,2,2,1,1,2,2,2,2,1,1,1,1,1,1,2,2,1,1,1,1,2,2,2,2,2,2,1,1,1,1,1,1,18,1,2,6,2,5,5,1,7,6,2,5,1,7,2
83,93,75,-100,-87,-80,,,5,,1,2,2,2,1,1,1,1,1,2,2,,,10,,1,1,1,1,1,1,1,1,1,2,2,,,2,,2,1,1,1,2,2,2,2,2,1,1,,,,15,1,1,1,1,1,1,2,2,2,1,1,,,,10,2,1,1,1,1,2,2,2,2,1,1,,,,5,1,1,1,1,1,1,1,2,2,1,1,1,2,1,1,1,1,1,1,1,1,2,1,1,1,1,1,1,1,1,2,1,1,1,1,1,1,1,2,20,1,2,4,5,6,4,5,1,4,2,7,1,7,1
54,100,88,-69,-58,-71,,,5,,1,2,2,1,1,1,1,1,1,2,1,,,5,,1,2,2,1,1,1,1,1,1,2,1,,,5,,2,2,2,2,2,2,2,2,2,2,2,,,,10,1,1,1,1,1,2,2,2,2,1,1,,,,15,2,1,1,1,2,2,2,2,2,1,1,,,,20,1,1,1,1,1,2,2,2,2,1,1,1,2,2,1,1,1,1,1,1,2,2,2,2,2,1,1,1,1,1,2,2,1,1,1,1,1,1,2,18,1,2,3,6,6,4,2,5,6,1,8,8,4,2
100,-50,100,-60,-50,-50,,,5,,1,2,2,2,2,1,1,1,1,2,2,,,,5,2,1,1,1,2,2,2,2,2,1,1,,,10,,1,2,2,2,2,1,1,1,1,2,2,,,,5,2,1,1,1,2,2,2,2,2,1,1,,,,2,2,1,1,1,1,1,1,2,2,1,1,,,,5,2,1,1,1,1,2,2,2,2,1,1,2,2,2,2,1,2,1,1,1,1,1,1,1,1,1,1,1,2,2,2,2,2,1,1,1,1,1,2,18,1,2,8,8,5,6,1,7,7,3,7,2,6,4
70,80,95,-80,-30,-30,,,0,,1,2,2,2,1,1,1,1,1,2,2,,,1,,1,1,1,1,1,1,1,1,1,2,2,,,0,,1,2,1,1,1,1,1,1,1,1,2,,,,5,2,1,2,2,2,2,2,2,2,1,1,,,,4,2,1,1,1,2,2,2,2,2,1,1,,,,10,2,1,1,1,2,2,2,2,2,1,1,2,2,1,1,1,1,1,1,1,1,2,2,1,1,1,1,1,1,2,2,2,2,1,1,1,1,1,2,18,1,2,4,4,6,5,1,4,7,2,1,1,4,4
67,100,100,-100,-11,-55,,,2,,2,2,2,2,2,2,2,2,2,2,2,,,10,,1,2,2,2,1,1,1,1,1,2,2,,,2,,1,1,1,1,1,1,1,1,2,2,2,,,,2,1,1,1,1,1,2,2,2,2,1,1,,,,5,2,1,1,1,2,2,2,2,2,1,1,,,,5,2,1,1,1,2,2,2,2,2,1,1,1,2,2,1,1,1,1,1,1,2,2,2,1,1,1,1,1,1,1,2,2,1,1,1,1,1,1,2,19,1,2,4,4,7,5,1,4,7,1,7,3,7,2
92,100,75,-57,-100,-95,,,0,,2,2,2,1,1,1,1,1,1,2,2,,,5,,1,2,1,1,1,1,1,1,1,2,2,,,0,,1,1,1,1,1,1,1,1,1,2,2,,,,0,2,2,1,1,1,2,2,2,2,1,1,,,,0,1,1,1,1,2,2,2,2,2,1,1,,,,0,1,1,1,1,2,2,2,2,2,1,1,1,2,2,1,1,1,1,1,1,2,2,2,2,2,1,1,1,1,1,2,2,1,1,1,1,1,1,2,18,1,2,3,4,6,6,1,4,4,2,3,2,7,2
96,100,80,-10,-50,-15,,,5,,1,2,1,1,1,1,1,1,1,2,2,,,10,,1,2,2,2,2,1,1,1,1,2,1,,,0,,1,2,1,1,1,1,1,1,1,2,2,,,,0,2,1,1,1,2,2,2,2,2,1,1,,,,0,1,1,1,1,1,2,2,2,2,1,1,,,,0,1,1,1,1,1,2,2,2,2,1,1,1,1,1,1,1,1,1,1,1,1,2,1,1,1,1,1,1,1,2,2,1,1,1,1,1,1,1,2,19,1,2,2,5,5,6,1,6,5,2,1,2,7,8
40,60,100,-100,-100,-60,,,25,,1,2,2,2,2,1,1,1,1,1,2,,,10,,1,2,2,2,2,1,1,1,1,2,2,,,20,,1,1,1,1,1,1,1,1,1,2,2,,,,40,2,1,1,1,2,2,2,2,2,1,1,,,,50,1,1,1,1,1,2,2,2,2,1,1,,,,50,2,1,1,1,2,2,2,2,2,1,1,1,2,2,1,1,1,1,1,2,2,2,2,1,1,1,1,1,1,1,2,2,1,1,1,1,1,1,2,20,1,4,6,4,7,1,1,5,4,2,2,2,7,1
70,80,100,-90,-85,50,,,5,,2,1,1,1,1,1,1,2,2,1,2,,,20,,1,1,1,1,1,1,1,1,1,2,2,,,10,,1,1,1,1,1,1,1,1,1,2,2,,,,25,2,1,1,1,1,2,2,2,2,1,1,,,,10,1,1,1,1,1,2,2,2,2,1,1,,,5,,2,1,1,1,1,1,1,2,2,1,1,1,2,2,1,1,1,1,1,1,2,2,2,1,1,1,1,1,1,2,2,2,1,1,1,1,1,1,2,18,1,2,5,3,5,2,1,6,4,2,3,1,6,2
100,80,80,-65,-70,-35,,,15,,1,2,2,2,1,1,1,1,1,2,2,,,20,,1,2,2,2,1,1,1,1,1,2,2,,,20,,1,2,2,2,1,1,1,1,1,2,2,,,,15,2,1,1,1,2,2,2,2,2,1,1,,,,10,1,1,1,1,1,2,2,2,2,1,1,,,,15,1,1,1,1,2,2,2,2,2,1,1,2,2,2,2,1,1,1,1,1,2,2,2,2,1,1,1,1,1,2,2,2,2,1,1,1,1,1,2,23,1,4,5,4,3,5,1,4,5,1,1,1,7,2
100,90,100,-80,-20,-50,,,15,,1,2,2,1,1,1,1,1,1,2,2,,,20,,1,2,2,2,1,1,1,1,1,2,2,,,15,,1,1,1,1,1,1,1,1,1,2,2,,,,25,2,1,1,1,2,2,2,2,2,1,1,,,,5,1,1,1,1,1,1,2,2,2,1,1,,,,10,2,1,1,1,1,2,2,2,2,1,1,1,2,1,1,1,2,1,1,1,1,2,2,1,1,1,1,1,1,1,2,2,1,1,1,1,1,1,2,18,1,2,3,4,6,4,1,2,4,2,1,2,7,4
50,30,96,-15,-37,-57,,,0,,1,2,2,2,1,1,1,1,1,1,2,,,0,,1,1,1,1,1,1,2,2,2,1,1,,,1,,1,2,2,2,2,1,1,1,1,2,2,,,,5,2,2,2,2,2,1,1,1,1,1,1,,,,2,1,1,1,1,1,1,2,2,2,1,1,,,,4,1,1,1,1,1,1,2,2,2,1,1,1,2,2,1,1,2,1,1,1,1,1,1,1,1,1,2,2,2,2,2,2,2,2,2,1,1,1,2,18,1,2,7,1,3,3,1,7,5,1,3,2,8,8
40,25,90,-60,-10,-40,,,3,,1,1,1,1,1,1,1,2,2,1,2,,,1,,2,1,1,1,1,1,1,2,2,1,2,,,7,,1,2,2,1,1,1,1,1,1,2,2,,,,8,1,1,1,1,1,1,1,2,2,1,1,,,,6,1,1,1,1,1,1,2,2,2,1,1,,,,4,1,1,1,1,1,1,2,2,2,1,1,1,2,2,1,1,1,1,1,1,1,2,2,1,1,1,1,1,1,1,2,2,1,1,1,1,1,1,2,21,1,4,7,1,7,2,1,7,5,2,3,1,7,1
-36,100,100,-100,-100,-100,,,,0,1,1,1,1,1,2,1,2,2,1,2,,,10,,1,1,1,1,1,1,1,2,2,2,2,,,5,,1,1,1,1,1,1,1,1,1,2,2,,,,5,1,1,1,1,1,1,2,2,2,1,1,,,,10,1,1,1,1,1,1,2,2,2,1,1,,,,5,1,1,1,1,1,2,2,2,2,1,1,1,2,2,1,1,1,1,1,1,1,2,2,1,1,1,1,1,1,1,2,2,1,1,1,1,1,1,2,19,1,2,3,6,4,4,1,3,6,1,4,4,3,1
70,50,100,-90,-100,-30,,,3,,1,2,2,1,1,1,1,1,1,1,1,,,0,,1,2,2,1,1,1,1,1,1,1,2,,,8,,1,2,2,1,1,1,1,1,1,2,2,,,,2,1,1,1,1,1,2,2,2,2,1,1,,,,2,1,1,1,1,2,2,2,2,2,1,1,,,,2,1,1,1,1,2,2,2,2,2,1,1,1,2,2,1,1,2,2,1,1,1,2,2,1,1,2,2,1,1,2,2,2,1,1,2,2,1,1,2,17,1,4,4,5,3,2,2,7,7,2,2,1,8,8
82,72,90,-87,-78,-84,,,5,,1,2,1,1,1,1,1,2,2,2,2,,,10,,2,2,2,2,1,1,1,1,1,2,2,,,5,,1,1,1,1,1,1,1,1,1,2,2,,,,8,1,1,1,1,1,2,2,2,2,1,1,,,,3,1,1,1,1,1,1,2,2,2,1,1,,,,4,1,1,1,1,1,2,2,2,2,1,1,2,2,2,2,1,1,1,1,1,1,2,2,2,1,1,1,1,1,2,2,2,1,1,1,1,1,1,2,21,3,2,8,5,1,7,1,7,3,2,3,3,5,3
80,40,100,-50,-40,-50,,,5,,1,1,1,1,1,1,1,1,2,1,2,,,0,,1,1,1,1,1,2,2,2,2,1,2,,,0,,1,1,1,1,1,1,1,1,1,2,2,,,,5,1,1,1,1,1,1,2,2,2,1,1,,,,5,1,1,1,1,1,2,2,2,2,1,1,,,,20,2,1,1,1,2,2,2,2,2,1,1,2,2,2,2,2,1,1,1,1,2,2,2,2,2,1,1,1,1,2,2,2,2,1,2,1,1,1,2,21,1,4,5,5,5,2,1,5,6,3,6,1,7,2
50,60,90,-65,-60,-80,,,5,,1,2,2,2,1,1,1,1,1,2,2,,,30,,1,2,2,2,1,1,1,1,1,2,2,,,10,,1,2,2,2,1,1,1,1,1,2,2,,,,25,1,1,1,1,1,2,2,2,2,1,1,,,,20,1,1,1,1,1,2,2,2,2,1,2,,,,20,1,1,1,1,1,2,2,2,2,1,1,1,2,2,2,1,1,1,1,1,1,2,2,1,1,1,1,1,1,2,2,2,1,1,1,1,1,1,2,20,6,2,6,7,7,7,1,7,3,2,1,1,5,2
81,72,100,-40,-70,-72,,,10,,1,2,2,2,1,1,1,1,1,1,2,,,15,,1,2,1,1,1,1,1,1,1,1,2,,,70,,1,2,2,2,2,1,1,1,1,2,2,,,,4,1,1,1,1,1,1,2,2,2,1,1,,,,40,1,1,1,1,1,1,2,2,2,1,1,,,,12,1,1,1,1,1,1,1,2,2,1,1,1,2,2,1,1,1,1,1,1,1,2,2,1,1,1,1,1,1,2,2,2,1,1,1,1,1,1,2,18,6,2,3,2,6,4,1,7,4,1,3,1,8,8
70,80,75,-60,-70,-70,,,4,,1,1,1,1,1,1,1,1,1,1,2,,,10,,1,1,1,1,1,1,1,1,1,2,2,,,5,,1,1,1,1,1,1,1,1,1,1,2,,,,10,1,1,1,1,1,1,2,2,2,1,1,,,,15,1,1,1,1,1,1,2,2,2,1,1,,,,5,1,1,1,1,1,2,2,2,2,1,1,1,2,2,1,1,1,1,1,1,2,2,2,1,1,1,1,1,1,1,2,2,1,1,1,1,1,1,2,18,1,2,3,6,7,4,1,4,5,1,5,1,7,3
100,95,100,-50,70,80,,,10,,1,2,2,1,1,1,1,1,1,2,2,,,10,,1,2,2,1,1,1,1,1,1,2,2,,,5,,1,2,2,2,1,1,1,1,1,2,2,,,,5,1,1,1,1,1,1,1,2,2,1,1,,,10,,1,1,1,1,1,1,1,2,2,1,2,,,5,,1,1,1,1,1,1,1,2,2,1,2,2,2,2,1,1,1,1,1,1,1,2,1,1,1,1,1,1,2,2,2,2,2,1,1,1,1,1,2,25,4,4,4,6,1,7,1,7,4,2,8,8,8,8
35,70,75,-51,-47,-2,,,5,,2,1,1,1,1,1,1,1,1,2,2,,,10,,1,1,1,1,1,1,1,1,1,2,2,,,1,,1,1,1,1,1,1,1,1,1,2,2,,,,2,1,1,1,1,1,1,1,2,2,1,1,,,,0,1,1,1,1,1,2,2,2,2,1,1,,,,0,1,1,1,1,1,1,2,2,2,1,1,2,2,1,1,1,1,1,1,1,1,2,2,1,1,1,1,1,1,1,2,2,1,1,1,1,1,1,2,18,1,2,3,6,6,4,1,4,6,1,1,1,8,8
70,50,70,-20,-5,1,,,10,,1,2,2,2,1,1,1,1,1,2,2,,,0,,1,1,1,1,1,1,1,1,1,1,2,,,1,,1,1,1,1,1,1,1,1,1,1,2,,,,0,1,1,1,1,1,1,1,2,2,1,1,,,,0,1,1,1,1,1,1,2,2,2,1,1,,,0,,1,1,1,1,1,1,2,2,2,1,2,2,2,2,2,1,2,2,1,1,1,2,2,1,1,1,1,1,1,1,2,2,1,1,1,1,1,1,1,22,1,3,6,3,6,7,2,7,5,2,4,1,7,2
52,100,100,-9,-95,-56,,,5,,1,2,2,1,1,1,1,1,1,2,1,,,10,,1,1,1,1,1,1,1,1,1,2,2,,,5,,1,2,2,2,2,1,1,1,1,2,2,,,,5,1,1,1,1,1,1,2,2,2,1,1,,,,20,1,1,1,1,1,1,2,2,2,1,1,,,,5,1,1,1,1,1,1,2,2,2,1,1,1,2,2,1,1,1,1,1,1,2,2,2,1,1,1,1,1,1,1,2,2,1,1,1,1,1,1,2,22,1,2,2,3,7,7,1,4,4,2,1,1,7,8
70,100,100,-19,-50,-43,,,3,,1,2,2,2,1,1,1,1,1,2,2,,,1,,1,2,2,1,1,1,1,1,1,2,2,,,3,,1,2,2,2,1,1,1,1,1,2,2,,,,2,1,1,1,1,1,1,2,2,2,1,1,,,,5,1,1,1,1,1,2,2,2,2,1,1,,,,3,1,1,1,1,1,2,2,2,2,1,1,2,2,2,1,1,2,1,1,1,1,2,2,2,1,1,1,1,1,1,2,2,2,1,1,1,1,1,2,20,1,2,4,5,6,7,1,5,4,2,1,1,6,3
41,100,100,-100,-83,-70,,,10,,1,2,2,2,2,1,1,1,1,2,2,,,15,,1,2,2,2,2,1,1,1,1,2,2,,,10,,1,2,2,2,2,1,1,1,1,2,2,,,,25,1,1,1,1,1,2,2,2,2,1,1,,,,3,1,1,1,1,1,1,2,2,2,1,1,,,,5,1,1,1,1,1,2,2,2,2,1,1,1,2,2,1,1,1,1,1,1,1,2,2,1,1,1,1,1,1,1,2,2,1,1,1,1,1,1,2,23,6,4,4,4,7,6,1,5,3,2,1,1,6,2
80,70,100,-50,-90,-90,,,2,,2,2,2,1,1,1,1,1,1,2,1,,,2,,1,1,1,1,1,1,1,1,1,2,2,,,2,,1,2,1,1,1,1,1,1,1,2,2,,,,0,2,1,1,2,2,2,2,2,2,1,1,,,,10,1,1,1,2,2,2,2,2,2,1,1,,,,5,2,1,1,2,2,2,2,2,2,1,1,1,2,2,1,1,1,1,1,1,2,2,2,2,1,1,1,1,1,1,2,2,1,1,1,1,1,1,2,19,1,2,3,4,3,2,1,2,6,1,7,1,6,2
96,97,100,-76,-75,-85,,,10,,1,1,1,1,1,1,1,1,1,2,2,,,10,,1,1,1,1,1,1,1,1,1,2,2,,,10,,1,1,1,1,1,1,1,1,1,2,2,,,,0,1,1,1,1,1,1,2,2,2,1,1,,,,5,1,1,1,1,1,1,2,2,2,1,1,,,,10,1,1,1,1,1,1,2,2,2,1,1,1,2,2,1,1,1,1,1,1,2,2,2,1,1,1,1,1,1,1,2,2,1,1,1,1,1,1,2,20,1,2,5,6,3,4,1,3,4,2,2,2,5,4
90,80,75,-100,-80,-80,,,20,,1,2,2,1,1,1,1,1,1,2,2,,,20,,1,2,2,2,2,1,1,1,1,2,2,,,5,,1,2,2,2,1,1,1,1,1,2,2,,,,0,1,1,1,1,1,1,2,2,2,1,1,,,,10,1,1,1,1,1,1,2,2,2,1,1,,,,5,1,1,1,1,1,1,2,2,2,1,1,2,2,2,2,2,2,1,1,1,1,2,2,2,2,1,1,1,1,1,2,2,2,1,1,1,1,1,1,24,1,4,3,2,2,7,1,7,4,2,3,3,8,8
50,100,100,-100,-100,-100,,,0,,1,1,1,1,1,1,1,1,1,2,2,,,0,,1,1,1,1,1,1,2,2,2,1,2,,,0,,1,1,1,1,1,1,1,1,1,2,2,,,,5,1,1,1,1,1,1,2,2,2,1,1,,,,15,1,1,1,1,1,1,2,2,2,1,1,,,,10,1,1,1,1,1,2,2,2,2,1,1,1,2,2,1,1,1,1,1,1,1,2,2,1,1,1,1,1,1,1,2,2,1,1,1,1,1,1,1,19,1,2,3,5,6,2,1,6,4,1,8,8,5,2
94,77,91,-64,-64,-33,,,10,,1,2,2,2,2,2,2,2,2,2,2,,,10,,2,2,2,2,2,2,2,2,2,2,2,,,10,,1,2,2,2,2,2,2,2,2,2,2,,,,10,1,1,2,2,2,2,2,2,2,1,1,,,,10,1,1,1,1,2,2,2,2,2,1,1,,,,10,1,1,1,1,1,2,2,2,2,1,1,2,2,2,2,2,1,1,1,1,2,2,2,2,2,1,1,1,1,2,2,2,2,2,2,2,2,2,2,23,6,2,4,3,5,4,1,3,4,1,1,1,5,1
80,100,100,-100,-100,-100,,,10,,1,2,2,1,1,1,1,1,1,1,2,,,25,,1,2,2,1,1,1,1,1,1,1,2,,,20,,1,2,2,1,1,1,1,1,1,2,2,,,,30,1,1,1,1,1,2,2,2,2,1,1,,,,25,1,1,1,1,1,2,2,2,2,1,1,,,,20,1,1,1,1,1,2,2,2,2,1,1,1,2,2,1,1,1,1,1,1,1,2,2,2,1,1,1,1,1,1,2,2,1,1,1,1,1,1,2,18,1,2,4,5,6,1,1,7,6,1,6,1,6,2
70,100,70,-100,-50,-50,,,0,,1,1,1,1,2,2,2,2,2,1,2,,,15,,1,2,1,1,1,1,1,1,1,2,2,,,0,,2,1,1,1,1,1,1,1,1,1,2,,,,15,1,1,1,1,1,1,1,2,2,1,1,,,,15,1,1,1,1,1,1,1,2,2,1,1,,,,10,1,1,1,1,1,1,1,2,2,1,1,1,2,2,1,1,1,1,1,1,1,2,2,1,1,1,1,1,1,1,2,2,1,1,1,1,1,1,2,18,1,2,1,4,7,2,1,4,5,2,8,8,7,2
43,86,94,-80,-100,-65,,,2,,1,2,2,2,2,2,1,1,1,1,1,,,40,,1,2,2,2,1,1,1,1,1,1,2,,,40,,1,1,1,1,1,1,1,1,1,2,2,,,,5,1,1,1,1,1,1,1,2,2,1,1,,,,10,1,1,1,1,1,1,1,2,2,1,1,,,,10,1,1,1,1,1,2,2,2,2,1,1,1,2,2,1,1,2,2,2,1,2,2,2,2,1,2,2,1,1,2,2,2,2,2,1,1,1,1,2,19,1,2,7,3,7,6,1,8,3,2,1,2,7,3
35,60,100,-100,-50,40,,,0,,1,1,1,1,1,1,1,1,1,1,2,,,1,,1,1,1,1,2,2,2,2,2,1,2,,,20,,1,2,2,2,1,1,1,1,1,2,2,,,,15,2,1,1,2,2,2,2,2,2,1,1,,,,5,1,1,1,1,1,1,1,2,2,1,1,,,0,,2,1,1,1,2,2,2,2,2,1,1,1,2,2,2,2,1,1,1,1,1,2,2,2,2,1,1,1,1,2,2,2,2,2,1,1,1,1,2,18,6,2,4,3,8,8,1,7,3,2,8,8,8,8
100,100,100,-80,-70,30,,,15,,1,2,2,1,1,1,1,1,1,2,2,,,25,,1,2,2,2,1,1,1,1,1,2,2,,,10,,2,2,2,2,2,1,1,1,1,2,2,,,,15,1,1,1,1,1,1,1,2,2,1,1,,,,5,1,1,1,1,1,1,1,1,2,1,1,,,10,,1,1,1,1,1,1,1,1,2,1,2,1,2,2,1,1,1,1,1,1,1,2,2,2,1,1,1,1,1,2,2,2,1,1,1,1,1,1,2,19,1,2,3,5,6,3,1,4,5,2,2,2,5,4
60,100,100,-100,-100,27,,,15,,1,2,2,1,1,1,1,2,2,1,1,,,45,,1,2,2,2,1,1,1,1,1,2,1,,,15,,2,2,2,2,1,1,1,1,1,1,2,,,,15,1,1,1,1,1,1,2,2,2,1,2,,,,5,1,1,1,1,1,2,2,2,2,1,2,,,0,,2,1,1,1,2,2,2,2,2,1,1,1,2,2,1,1,1,1,1,1,2,2,2,1,1,2,2,1,1,1,2,2,1,1,2,1,1,1,2,19,1,2,3,4,5,6,1,6,5,1,3,2,5,3
100,20,80,0,-15,-80,,,2,,1,1,1,1,1,1,1,1,1,2,2,,,10,,1,1,1,1,1,1,1,1,1,1,2,,,0,,1,1,1,1,1,1,1,1,1,1,2,0,0,,,2,1,1,1,1,2,2,2,2,1,1,,,,0,1,1,1,1,1,1,1,2,2,1,1,,,,0,2,1,1,2,2,2,2,2,2,1,1,1,2,2,1,1,1,1,1,1,1,2,1,1,1,1,1,1,1,1,2,2,1,1,1,1,1,1,2,18,1,2,7,4,3,7,1,4,7,2,6,2,8,8
90,75,95,-35,-55,-50,,,2,,1,2,2,2,2,1,1,1,1,2,2,,,3,,2,2,2,2,2,1,1,1,1,1,2,,,2,,2,2,2,2,2,2,1,1,1,2,2,,,,2,1,1,1,1,1,1,2,2,2,1,1,,,,5,1,1,1,1,1,1,2,2,2,1,1,,,,5,1,1,1,1,1,1,2,2,2,1,1,1,2,2,1,1,2,1,1,1,2,2,2,1,1,2,1,1,1,2,2,2,1,1,2,2,1,1,2,19,1,2,2,5,6,5,1,6,5,3,2,1,7,1
80,50,30,-80,-100,-100,,,1,,2,2,2,2,2,2,1,1,1,2,1,,,0,,1,2,2,2,2,2,1,1,1,2,2,,,5,,2,2,2,2,2,2,2,2,2,2,2,,,,10,1,1,1,1,1,1,1,2,2,1,1,,,,20,1,1,1,1,1,1,2,2,2,1,1,,,,10,2,1,1,1,1,1,2,2,2,1,1,2,2,2,1,1,1,1,1,2,1,2,2,1,1,1,1,1,1,1,2,2,1,1,1,1,1,1,1,20,1,4,4,6,2,6,4,3,6,2,3,1,8,8
65,70,80,-50,-60,-50,,,1,,1,2,2,2,1,1,1,1,1,2,1,,,2,,1,1,1,1,1,1,1,1,1,2,2,,,2,,1,2,2,2,1,1,1,1,1,2,2,,,,1,1,1,1,1,1,1,2,2,2,1,1,,,,5,1,1,1,1,1,2,2,2,2,1,1,,,,4,1,1,1,1,1,2,2,2,2,1,1,1,2,2,1,1,1,1,1,1,1,2,2,1,1,1,1,1,1,1,2,2,2,1,1,1,1,1,2,18,1,2,4,2,4,4,1,7,6,1,7,1,8,8
45,75,100,-100,-100,-22,,,10,,1,1,1,1,1,1,1,1,1,1,2,,,50,,1,1,1,1,1,1,1,1,1,2,2,,,10,,1,1,1,1,1,1,1,1,1,2,2,,,,0,1,1,1,1,1,1,1,1,2,1,1,,,,20,1,1,1,1,1,1,1,2,2,1,1,,,,10,1,1,1,1,1,1,1,1,2,1,1,1,2,2,1,1,1,1,1,1,1,2,2,1,1,1,1,1,1,1,2,2,1,1,1,1,1,1,2,21,1,2,4,3,6,6,1,4,2,1,1,1,7,2
-40,85,75,-65,-30,14,,,,0,1,1,1,1,2,2,2,2,2,1,1,,,65,,1,2,1,1,1,1,1,1,1,2,2,,,25,,1,2,1,1,1,1,1,1,1,2,2,,,,5,2,1,1,2,2,2,2,2,2,1,1,,,,20,2,1,1,2,2,2,2,2,2,1,1,,,15,,2,1,1,1,2,2,2,2,2,1,1,2,2,2,2,1,1,1,1,1,2,2,2,2,2,1,1,1,1,2,2,2,2,2,1,1,1,1,2,18,1,2,4,6,7,2,1,4,7,3,7,2,5,2
100,21,100,-63,-84,-100,,,10,,1,1,1,1,1,1,1,1,1,2,2,,,20,,1,1,1,1,1,1,1,1,1,1,2,,,5,,1,1,1,1,1,1,1,1,1,2,2,,,,10,2,1,1,1,2,2,2,2,2,1,1,,,,10,2,1,1,2,2,2,2,2,2,1,1,,,,25,1,1,1,1,1,2,2,2,2,1,1,2,2,2,2,1,1,1,1,1,1,2,1,1,1,1,1,1,1,1,2,2,2,1,1,1,1,1,2,21,1,2,7,4,4,7,1,4,3,3,3,5,6,3
94,100,97,-54,-70,33,,,15,,1,1,1,1,1,1,1,1,1,2,2,,,20,,1,2,2,2,2,1,1,1,1,2,2,,,5,,1,2,1,1,1,1,1,1,1,1,2,,,,10,2,1,1,1,2,2,2,2,2,1,1,,,,40,2,1,1,2,2,2,2,2,2,1,1,,,0,,2,1,1,1,2,2,2,2,2,1,1,1,2,2,2,1,1,1,1,1,2,2,2,2,2,2,1,1,1,1,2,2,1,1,1,1,1,1,2,19,1,2,2,6,4,5,3,4,6,2,3,1,7,1
70,100,100,-85,-50,-92,,,5,,1,2,2,1,1,1,1,1,1,2,2,,,45,,1,2,2,1,1,1,1,1,1,2,2,,,10,,1,2,2,1,1,1,1,1,1,2,2,,,,2,2,1,1,1,2,2,2,2,2,1,1,,,,2,2,1,1,1,2,2,2,2,2,1,1,,,,10,1,1,2,2,2,2,2,2,2,1,1,1,2,2,2,1,1,1,1,1,2,2,2,2,2,1,1,1,1,1,2,2,2,1,1,1,1,1,2,19,1,2,2,3,6,7,1,7,7,2,8,8,4,1
27,-23,100,28,-51,-100,,,0,,1,1,1,1,1,1,1,1,1,2,2,,,,0,2,2,1,2,2,2,2,2,2,1,2,,,10,,1,1,1,1,1,1,1,1,1,2,2,,,0,,2,2,2,2,2,2,2,2,2,1,1,,,,0,2,2,1,2,2,2,2,2,2,1,1,,,,5,2,2,1,2,2,2,2,2,2,1,1,1,2,2,2,2,2,2,2,2,1,1,1,1,1,1,1,1,1,2,2,2,2,2,2,2,2,2,2,19,1,2,6,5,3,6,1,7,3,2,1,1,7,2
100,100,100,-60,-40,-80,,,5,,2,2,2,2,2,1,1,1,1,2,2,,,5,,1,1,1,1,1,1,2,2,2,1,2,,,5,,2,2,2,2,2,2,1,1,1,2,2,,,,10,2,1,1,2,2,2,2,2,2,1,1,,,,3,2,1,1,1,1,2,2,2,2,1,1,,,,0,1,1,1,1,1,1,2,2,2,1,1,2,2,2,2,2,2,2,1,1,1,2,2,1,1,1,1,1,1,2,2,2,2,1,2,2,1,1,1,20,1,2,7,4,1,7,1,7,4,2,3,1,7,3
80,94,100,-85,-21,21,,,15,,1,1,1,1,1,1,1,1,1,1,2,,,50,,1,2,2,1,1,1,1,1,1,2,2,,,20,,1,1,2,2,1,1,1,1,1,2,2,,,,50,2,1,1,2,2,2,2,2,2,1,1,,,,40,1,1,1,1,1,2,2,2,2,1,1,,,5,,1,1,1,1,1,1,1,2,2,1,2,1,2,2,1,1,1,1,1,1,2,2,2,2,1,2,1,1,1,2,2,2,1,1,2,1,2,2,2,22,3,4,3,5,5,3,1,6,4,2,8,8,6,1
100,100,100,-81,-85,-41,,,25,,2,2,2,2,2,2,2,1,1,2,1,,,35,,1,2,2,2,1,1,1,1,1,1,2,,,45,,1,1,1,1,1,1,1,1,1,2,2,,,,25,2,1,1,1,1,2,2,2,2,1,1,,,,25,2,1,1,1,1,2,2,2,2,1,1,,,,20,1,1,1,1,1,1,2,2,2,1,1,2,2,1,1,1,1,1,1,1,1,2,1,1,1,1,1,1,1,2,2,1,1,1,1,1,1,1,2,24,1,4,3,5,3,4,1,8,4,4,1,1,8,8
100,100,100,-50,-75,-100,,,2,,1,2,2,2,2,2,1,1,1,1,1,,,10,,1,2,2,1,1,1,1,1,1,2,2,,,5,,1,1,1,1,1,1,1,1,1,2,2,,,,5,2,1,1,2,2,2,2,2,2,1,1,,,,3,1,1,1,1,1,2,2,2,2,1,1,,,,7,2,1,1,1,1,1,2,2,2,1,1,1,2,2,2,1,1,1,1,1,1,2,2,2,1,1,1,1,1,1,2,2,2,1,1,1,1,1,2,19,1,2,3,5,5,6,1,7,4,1,1,1,7,2
91,95,100,-71,-56,-65,,,10,,2,2,2,1,1,1,1,2,1,2,1,,,5,,1,2,1,1,1,1,1,1,2,2,1,,,5,,1,1,1,1,1,1,2,2,2,2,2,,,,2,2,1,1,1,2,2,2,2,2,1,1,,,,3,2,1,1,1,1,2,2,2,2,1,1,,,,5,1,1,1,1,2,2,2,2,2,1,1,2,2,2,2,2,1,1,1,1,1,2,2,2,2,1,1,1,1,1,2,2,2,1,1,1,1,1,2,21,1,4,2,4,4,6,1,7,4,1,1,2,7,1
75,100,75,-22,-100,-100,,,0,,2,1,1,1,1,1,1,2,2,1,1,,,15,,1,2,2,2,2,1,1,1,1,2,1,,,20,,1,1,1,1,1,1,1,1,1,2,2,,,,0,2,1,1,1,1,2,2,2,2,1,1,,,,0,1,1,1,1,1,1,2,2,2,1,1,,,,10,1,1,1,1,1,1,2,2,2,1,1,2,2,2,1,1,2,2,1,1,1,2,2,1,1,2,1,1,1,1,2,2,1,1,1,1,1,1,2,19,1,3,7,6,8,8,1,7,6,3,8,8,7,3
47,85,68,-96,-99,-95,,,0,,1,1,1,2,2,2,2,2,2,1,2,,,5,,1,2,2,2,1,1,1,1,1,2,2,,,2,,1,2,2,1,1,1,1,1,1,1,2,,,,6,2,1,1,1,2,2,2,2,2,1,1,,,,3,2,1,1,1,2,2,2,2,2,1,1,,,,2,2,1,1,2,2,2,2,2,2,1,1,1,2,2,1,1,1,1,1,1,1,2,2,2,1,1,1,1,1,1,2,2,1,1,1,1,1,1,2,19,1,2,3,7,7,1,1,4,5,1,1,1,3,2
40,80,100,-10,-55,-20,,,25,,2,2,2,2,2,2,1,1,1,2,2,,,20,,1,2,2,1,1,1,1,2,2,2,1,,,15,,1,1,1,1,1,1,1,1,1,2,2,,,,10,2,1,1,1,2,2,2,2,2,1,1,,,,10,1,1,1,1,1,1,2,2,2,1,1,,,,15,1,1,1,1,1,1,2,2,2,1,1,2,2,2,1,1,1,1,1,1,2,2,2,2,1,2,1,1,1,2,2,2,1,1,1,1,1,1,2,18,1,2,6,5,5,4,1,7,8,8,3,2,6,8
40,60,45,-80,-64,-45,,,15,,1,2,2,1,1,1,1,1,1,1,1,,,20,,2,2,2,2,1,1,1,2,2,1,2,,,5,,1,1,1,1,1,2,2,2,2,1,2,,,,10,2,1,1,1,2,2,2,2,2,1,1,,,,15,1,1,1,1,1,2,2,2,2,1,1,,,,10,1,1,1,1,1,2,2,2,2,1,1,1,2,2,2,1,1,1,1,1,1,2,2,1,1,1,1,1,1,1,2,2,1,1,1,1,1,1,2,18,6,2,5,4,5,3,1,3,3,2,1,2,6,1
82,100,45,-48,-100,-15,,,0,,1,1,1,1,1,1,1,2,2,1,2,,,5,,1,2,2,1,1,1,1,2,2,2,2,,,0,,2,1,1,1,2,2,2,2,2,1,2,,,,2,1,1,1,1,2,2,2,2,2,1,1,,,,10,1,1,1,1,1,1,2,2,2,1,1,,,,0,2,2,2,2,2,2,2,2,2,1,2,1,2,2,1,1,1,1,1,1,2,2,2,1,1,1,1,1,1,2,2,2,2,1,1,1,1,1,2,20,1,2,3,5,7,7,3,3,1,2,2,3,6,4
80,80,100,-80,-50,-50,,,75,,2,2,2,2,2,2,1,1,1,2,1,,,50,,1,2,2,2,2,1,1,1,1,1,1,,,100,,2,2,2,2,2,2,2,1,1,2,2,,,,25,1,1,1,1,1,1,2,2,2,1,1,,,,50,1,1,1,1,1,1,2,2,2,1,1,,,,50,1,1,1,1,1,1,2,2,2,1,1,1,2,1,1,1,1,1,1,1,1,2,1,1,1,1,1,1,1,1,2,1,1,1,1,1,1,1,1,19,1,2,4,4,6,5,1,7,5,3,3,2,5,3
55,65,75,-95,-80,-100,,,5,,1,2,2,2,1,1,1,1,1,2,2,,,2,,1,2,2,2,2,1,1,1,1,2,2,,,2,,2,2,2,2,2,2,1,1,1,2,2,,,,20,1,1,1,1,1,1,2,2,2,1,1,,,,5,2,1,1,1,1,2,2,2,2,1,1,,,,10,1,1,1,1,2,2,2,2,2,1,1,2,2,2,2,2,1,1,1,1,1,2,2,2,2,1,1,1,1,1,2,2,2,2,1,1,1,1,1,18,1,2,3,2,4,2,1,7,7,1,7,1,7,3
100,42,68,0,-90,-87,,,0,,1,1,1,1,1,1,1,1,1,2,2,,,2,,2,2,2,2,2,2,2,2,2,1,1,,,0,,1,2,2,1,1,1,1,1,1,2,2,0,0,,,1,1,1,1,1,1,2,2,2,1,1,,,,2,1,1,1,1,1,1,2,2,2,1,1,,,,2,2,1,1,1,2,2,2,2,2,1,1,1,2,2,2,2,1,1,1,1,1,1,1,1,1,1,1,2,2,1,2,2,2,2,1,1,1,1,2,19,1,2,8,8,6,7,2,4,7,1,4,1,6,2
59,74,83,-5,-6,7,,,5,,1,2,1,1,1,1,1,1,1,1,1,,,20,,1,2,1,1,1,1,1,1,1,1,1,,,10,,1,2,2,1,1,1,1,1,1,2,2,,,,10,1,1,1,2,2,2,2,2,2,1,1,,,,5,2,1,1,1,1,2,2,2,2,1,1,,,0,,1,1,1,1,1,2,2,2,2,1,1,1,2,2,1,1,1,1,1,1,1,2,2,1,1,1,1,1,1,1,2,2,1,1,1,1,1,1,2,19,1,4,3,4,7,3,1,4,5,1,8,8,7,2
70,65,90,-60,-70,-90,,,10,,1,2,2,2,2,1,1,1,1,2,2,,,5,,2,2,2,2,2,2,2,1,1,2,2,,,5,,1,2,2,2,1,1,1,1,1,2,2,,,,15,1,1,1,1,1,2,2,2,2,1,1,,,,10,2,1,1,1,1,1,2,2,2,1,1,,,,10,2,1,1,1,2,2,2,2,2,1,1,1,2,2,1,1,1,1,1,1,1,2,2,1,1,1,1,1,1,1,2,2,1,1,1,1,1,1,2,18,1,2,8,8,7,2,2,5,4,1,1,2,7,2
97,92,92,-54,-29,-46,,,5,,1,2,2,2,2,1,1,1,1,2,2,,,2,,1,2,2,1,1,1,1,1,1,2,2,,,3,,1,2,2,2,1,1,1,1,1,2,2,,,,8,1,1,1,1,1,1,2,2,2,1,1,,,,0,1,1,1,1,1,1,1,2,2,1,1,,,,0,1,1,1,1,1,1,2,2,2,1,1,2,2,2,2,2,1,1,1,1,1,2,2,1,1,1,1,1,1,1,2,2,1,1,1,1,1,1,1,21,1,2,7,4,4,6,1,4,4,1,4,2,7,2
70,100,90,-70,-100,-75,,,15,,1,2,2,1,1,1,1,1,1,2,2,,,35,,1,2,1,1,1,1,1,1,1,2,2,,,25,,2,2,2,1,1,1,1,1,1,2,2,,,,25,1,1,1,1,1,1,2,2,2,1,1,,,,20,1,1,1,1,1,2,2,2,2,1,1,,,,30,2,1,1,1,1,1,2,2,2,1,1,2,2,2,2,1,1,1,1,1,2,2,2,2,1,1,1,1,1,2,2,2,2,1,1,1,1,1,2,18,1,4,3,7,7,2,1,2,5,3,4,2,8,4
100,60,80,-90,-100,-100,,,20,,1,2,2,1,1,1,1,1,1,2,2,,,15,,1,2,2,2,1,1,1,1,1,1,1,,,20,,1,1,1,1,1,1,1,1,1,2,2,,,,3,1,1,1,1,1,1,2,2,2,1,1,,,,30,2,1,1,1,2,2,2,2,2,1,1,,,,25,1,1,1,1,1,2,2,2,2,1,1,1,2,1,1,1,1,1,1,1,1,2,2,1,1,1,1,1,1,1,2,1,1,1,1,1,1,1,2,18,1,2,5,3,4,4,1,2,4,2,1,2,4,2
-25,70,100,-81,-100,-100,,,,0,1,1,1,1,1,1,1,1,2,1,2,,,5,,1,2,2,2,2,2,2,1,1,1,2,,,5,,1,2,2,2,2,2,2,1,1,1,2,,,,6,1,1,1,1,1,2,2,2,2,1,1,,,,3,2,1,1,1,2,2,2,2,2,1,1,,,,6,1,1,1,1,1,1,2,2,2,1,1,1,2,2,1,1,1,1,1,1,1,2,2,2,2,1,1,1,1,1,2,2,2,1,1,1,1,1,2,18,1,2,4,3,3,3,2,4,6,2,7,1,6,2
100,100,70,-55,-78,-91,,,5,,1,2,2,2,2,2,1,1,1,2,2,,,5,,1,2,2,1,1,1,1,2,2,1,2,,,0,,1,1,1,1,1,1,2,2,2,1,2,,,,8,1,1,1,1,2,2,2,2,2,1,1,,,,7,2,1,1,1,2,2,2,2,2,1,1,,,,7,2,1,1,1,1,2,2,2,2,1,1,2,2,2,1,1,1,1,1,1,2,2,2,2,1,1,1,1,1,1,2,2,2,1,1,1,1,1,2,18,1,2,2,4,5,3,1,3,7,4,8,8,5,3
95,87,85,-45,-100,-100,,,0,,1,2,2,2,2,1,1,1,1,2,2,,,0,,1,2,2,2,2,1,1,1,1,2,2,,,0,,1,1,1,1,1,1,2,2,2,1,2,,,,8,1,1,1,1,2,2,2,2,2,1,1,,,,8,2,1,1,1,2,2,2,2,2,1,1,,,,8,2,1,1,1,1,2,2,2,2,1,1,1,2,2,2,1,1,1,1,1,1,2,2,1,1,1,1,1,1,1,2,2,2,1,1,1,1,1,1,22,1,4,4,7,4,7,1,4,4,2,2,1,5,4
91,86,94,-72,-85,-75,,,25,,1,2,2,2,2,1,1,1,1,2,2,,,15,,1,2,2,2,1,1,1,1,1,2,2,,,20,,1,2,2,2,2,1,1,1,1,2,2,,,,10,1,1,1,1,1,1,2,2,2,1,1,,,,10,1,1,1,1,1,1,2,2,2,1,1,,,,20,1,1,1,1,1,1,2,2,2,1,1,1,2,2,2,1,1,1,1,1,1,2,2,1,1,1,1,1,1,1,2,2,1,1,1,1,1,1,1,24,1,4,2,6,1,5,1,7,4,2,3,3,7,3
65,100,75,-100,-100,-30,,,0,,1,1,1,1,1,1,1,2,2,1,2,,,25,,1,2,1,1,1,1,1,1,1,2,2,,,5,,1,1,1,1,1,1,1,1,1,1,2,,,,15,1,1,1,1,1,2,2,2,2,1,1,,,,0,2,1,1,1,2,2,2,2,2,1,1,,,,10,2,1,1,1,2,2,2,2,2,1,1,1,2,2,1,1,1,1,1,1,1,2,2,1,1,1,1,1,1,2,2,2,1,1,1,1,1,1,2,19,1,4,4,4,6,4,1,8,5,1,5,1,7,2
90,100,75,-40,-95,-95,,,0,,2,2,2,1,1,1,1,2,2,1,1,,,5,,1,2,2,2,1,1,1,1,1,2,1,,,0,,1,2,2,2,1,1,1,1,1,2,1,,,,10,2,1,1,1,1,2,2,2,2,1,1,,,,8,2,1,1,1,2,2,2,2,2,1,1,,,,5,2,1,1,2,2,2,2,2,2,1,1,1,2,2,2,2,1,1,1,1,2,2,2,2,2,1,1,1,1,1,2,2,2,1,1,1,1,1,1,18,4,2,2,7,3,3,2,3,4,1,1,1,4,7
56,85,100,-99,-34,-30,,,0,,2,2,2,2,2,1,1,1,1,1,1,,,0,,1,2,2,2,2,1,1,1,1,2,1,,,5,,1,1,1,1,1,1,1,1,1,2,2,,,,10,2,1,1,1,1,2,2,2,2,1,1,,,,20,1,1,1,1,1,1,1,2,2,1,1,,,,50,2,1,1,1,1,1,2,2,2,1,1,1,2,2,1,1,1,1,1,1,1,2,2,1,1,1,1,1,1,1,2,2,2,1,1,1,1,1,2,20,1,2,3,5,7,8,1,6,8,8,8,8,6,3
100,75,80,-50,70,40,,,10,,1,2,2,1,1,2,1,1,1,2,2,,,20,,1,2,2,1,1,1,1,1,1,2,2,,,10,,1,2,1,1,1,1,1,1,1,1,2,,,,10,2,1,1,1,2,2,2,2,2,1,1,,,15,,1,1,1,1,1,1,1,1,2,1,2,,,10,,1,1,1,1,1,1,1,2,2,1,2,2,2,2,1,1,1,1,1,1,2,2,2,2,2,1,1,1,1,2,2,2,1,1,2,2,1,1,2,21,1,2,2,5,7,5,1,2,2,5,1,3,8,8
80,100,60,-75,-70,-100,,,5,,1,2,2,2,1,1,1,1,1,2,2,,,0,,1,2,2,2,2,1,1,1,1,2,2,,,0,,1,1,1,1,1,2,2,2,2,1,2,,,,1,1,1,1,1,1,2,2,2,2,1,1,,,,0,1,1,1,1,1,2,2,2,2,1,1,,,,0,1,1,1,1,1,2,2,2,2,1,1,1,2,2,2,1,1,1,1,1,2,2,2,1,1,1,1,1,1,1,2,2,2,2,1,1,1,1,2,18,1,2,5,2,4,4,2,3,5,1,1,1,5,1
66,41,77,-26,-78,-70,,,5,,1,2,2,2,1,1,1,1,1,2,2,,,2,,1,1,1,1,1,1,1,1,1,1,2,,,5,,1,2,2,1,1,1,1,1,1,2,2,,,,0,1,1,1,1,1,1,2,2,2,1,1,,,,0,1,1,1,1,1,2,2,2,2,1,1,,,,0,1,1,1,1,1,1,2,2,2,1,1,1,2,2,1,1,1,1,1,1,1,2,2,1,1,1,1,1,1,1,2,2,1,1,1,1,1,1,2,19,1,2,6,3,4,5,1,3,2,1,3,1,7,2
65,80,90,-60,-90,-80,,,0,,1,2,2,2,2,2,1,1,1,2,2,,,6,,1,2,2,2,2,1,1,1,1,2,2,,,5,,1,2,2,2,1,1,1,1,1,2,2,,,,1,1,1,1,1,1,1,2,2,2,1,1,,,,5,1,1,1,1,1,1,2,2,2,1,1,,,,8,1,1,1,1,1,1,2,2,2,1,1,1,2,2,2,1,1,1,1,1,1,2,2,2,2,2,1,1,1,1,2,2,2,1,1,1,1,1,2,18,1,2,3,3,5,2,1,7,4,1,3,1,7,2
63,100,100,70,-60,-50,,,5,,1,2,2,2,1,1,1,1,1,1,2,,,100,,1,2,2,1,1,1,1,1,1,2,2,,,50,,1,2,2,1,1,1,1,1,1,2,2,,,50,,1,2,2,2,2,1,1,1,1,2,2,,,,1,1,1,1,1,1,1,2,2,2,1,1,,,,5,2,1,1,1,2,2,2,2,2,1,1,1,1,1,1,1,1,1,1,1,2,2,2,2,2,2,2,2,2,2,2,2,1,1,2,1,1,1,2,20,1,2,1,5,7,3,1,7,4,2,1,1,8,8
26,42,100,15,52,-40,,,0,,2,2,2,2,2,2,2,2,2,2,2,,,0,,1,1,1,1,1,1,1,2,2,1,2,,,0,,1,1,1,1,1,1,1,1,1,2,2,,,0,,1,1,1,1,1,1,2,2,2,1,1,,,30,,2,1,1,1,2,2,2,2,2,1,1,,,,50,1,1,1,1,2,2,2,2,2,1,1,1,2,2,2,1,1,1,1,1,2,2,2,1,1,1,1,1,1,1,2,2,1,1,1,1,1,1,2,23,6,4,5,3,8,8,1,6,2,1,2,2,8,8
87,70,89,-11,-68,-50,,,10,,1,2,2,2,1,1,1,1,1,2,2,,,7,,1,2,2,2,1,1,1,1,1,1,2,,,15,,1,2,2,2,2,1,1,1,1,2,2,,,,0,2,1,1,2,2,2,2,2,2,1,1,,,,5,2,1,1,1,1,2,2,2,2,1,1,,,,0,2,1,1,2,2,2,2,2,2,1,1,1,2,2,2,1,1,1,1,1,2,2,2,1,1,1,1,1,1,1,2,2,2,1,1,1,1,1,2,19,1,2,4,4,7,6,1,5,4,4,2,2,7,4
75,100,80,-25,-50,25,,,7,,1,2,2,2,2,2,1,1,1,2,2,,,9,,1,2,2,1,1,1,1,1,1,2,2,,,10,,1,2,2,2,2,1,1,1,1,2,2,,,,5,1,1,1,1,2,2,2,2,2,1,2,,,,15,1,1,1,1,1,1,2,2,2,1,1,,,2,,1,1,1,1,1,1,2,2,2,1,1,1,2,2,2,1,2,2,1,1,2,2,2,2,1,2,1,1,1,1,2,2,2,1,2,2,1,1,2,18,1,2,2,5,5,4,1,2,4,1,3,1,5,3
52,52,71,-79,-68,-61,,,20,,1,1,1,1,1,1,1,1,1,2,2,,,20,,1,2,2,1,1,1,1,1,1,2,1,,,40,,1,1,1,1,1,1,1,1,1,2,2,,,,30,2,1,1,2,2,2,2,2,2,1,1,,,,30,1,1,1,1,2,2,2,2,2,1,1,,,,30,1,1,1,1,1,2,2,2,2,1,1,2,2,2,2,2,1,1,1,1,2,2,2,2,1,1,1,1,1,2,2,2,2,1,1,1,1,1,2,18,1,2,4,5,5,6,1,7,3,2,1,2,8,8
100,100,100,-90,-70,-85,,,3,,1,2,2,2,2,1,1,1,1,2,2,,,5,,1,2,2,2,2,1,1,1,1,2,2,,,1,,1,2,2,2,2,1,1,1,1,2,2,,,,5,1,1,1,1,1,1,2,2,2,1,1,,,,7,1,1,1,1,1,1,2,2,2,1,1,,,,7,1,1,1,1,1,1,2,2,2,1,1,1,2,2,2,2,1,1,1,1,1,2,2,2,2,1,1,1,1,1,2,2,2,2,1,1,1,1,1,20,1,2,3,4,3,4,1,3,5,1,1,1,6,2
100,78,100,-47,-55,-71,,,0,,1,2,2,2,2,1,1,1,1,2,1,,,0,,2,2,2,2,2,2,2,2,2,2,2,,,0,,1,1,1,1,1,1,1,2,2,1,2,,,,2,2,1,1,1,2,2,2,2,2,1,1,,,,0,2,1,1,1,2,2,2,2,2,1,1,,,,2,1,1,1,1,1,1,2,2,2,1,1,2,2,2,2,2,2,2,2,1,1,2,2,2,1,2,2,1,1,1,2,2,1,1,1,1,1,1,2,19,1,2,5,4,5,6,1,4,4,1,1,1,7,2
74,100,50,-29,-100,-76,,,1,,1,2,2,1,1,1,1,1,1,2,2,,,0,,1,2,2,2,1,1,1,1,1,2,2,,,1,,1,2,2,1,1,1,1,1,1,2,2,,,,5,2,1,1,1,1,1,2,2,2,1,1,,,,5,2,1,1,1,1,2,2,2,2,1,1,,,,2,1,1,1,1,1,1,2,2,2,1,1,1,2,2,1,1,2,1,1,1,2,2,2,1,1,1,1,1,1,2,2,2,1,1,2,1,1,1,2,18,1,2,3,4,6,7,1,8,4,2,4,1,4,2
73,100,37,-73,-73,-73,,,0,,2,2,2,2,2,2,2,1,1,1,2,,,5,,1,2,2,2,2,2,1,1,1,2,2,,,0,,1,1,1,1,1,1,1,2,2,1,2,,,,3,1,1,1,1,1,1,2,2,2,1,1,,,,0,1,1,1,1,1,1,2,2,2,1,1,,,,0,1,1,1,1,1,1,2,2,2,1,1,1,2,2,1,1,1,1,1,1,1,2,2,1,1,2,2,2,2,1,2,2,1,1,1,1,1,1,2,18,1,2,4,4,7,3,1,2,3,2,3,1,8,8
70,90,98,-30,-61,-20,,,5,,1,2,2,2,2,1,1,1,1,2,2,,,5,,1,2,2,2,2,1,1,1,1,2,2,,,5,,1,2,2,2,2,1,1,1,1,2,2,,,,1,1,1,1,1,2,2,2,2,2,1,1,,,,3,1,1,1,1,1,2,2,2,2,1,1,,,,3,1,1,1,1,1,1,2,2,2,1,1,2,2,2,2,2,2,1,1,1,2,2,2,2,1,2,1,1,1,2,2,2,2,2,1,1,1,1,2,20,1,2,3,4,5,3,1,2,4,2,1,1,5,3
69,80,100,-60,-50,-33,,,2,,1,1,1,1,1,1,1,2,2,1,2,,,2,,1,2,2,2,2,2,1,1,1,2,1,,,0,,1,2,2,2,1,1,1,1,2,1,2,,,,5,1,1,1,1,1,1,2,2,2,1,1,,,,0,1,1,1,1,1,2,2,2,2,1,1,,,,4,1,1,1,1,1,1,1,2,2,1,1,2,2,2,1,1,1,1,1,1,1,2,2,1,1,1,1,1,1,2,2,2,2,1,1,1,1,1,2,18,1,2,8,8,7,5,1,3,8,8,6,7,7,2
50,30,100,-50,-20,-30,,,0,,1,1,1,1,1,1,1,1,1,2,2,,,0,,2,1,1,1,2,2,2,2,2,1,2,,,0,,1,1,1,1,1,1,1,1,1,2,2,,,,0,2,1,1,1,2,2,2,2,2,1,1,,,,0,1,1,1,1,1,1,2,2,2,1,1,,,,0,1,1,1,1,1,1,2,2,2,1,1,1,2,2,1,1,1,1,1,1,1,2,2,2,1,1,1,1,1,1,2,2,2,2,1,1,1,1,2,23,1,4,5,4,5,5,1,3,4,3,4,1,6,1
100,57,68,-50,-58,-55,,,3,,1,2,2,2,1,1,1,1,1,2,2,,,10,,1,2,2,2,1,1,1,1,1,2,2,,,3,,1,2,2,2,1,1,1,1,1,2,2,,,,5,2,1,1,1,2,2,2,2,2,1,1,,,,5,2,1,1,1,1,2,2,2,2,1,1,,,,1,2,1,1,1,2,2,2,2,2,1,1,1,2,2,2,1,1,1,1,1,1,2,2,2,1,1,1,1,1,1,2,2,1,1,1,1,1,1,2,22,1,2,5,2,5,8,1,8,4,2,1,8,5,8
65,90,95,15,-80,-75,,,5,,1,1,1,2,2,2,2,2,2,1,2,,,15,,1,2,2,1,1,1,1,1,1,2,2,,,10,,1,2,2,1,1,1,1,1,1,2,2,,,0,,1,1,1,1,2,2,2,2,2,1,1,,,,5,2,1,1,1,2,2,2,2,2,1,1,,,,7,2,1,1,2,2,2,2,2,2,1,1,2,2,2,2,1,1,1,1,2,2,2,2,1,1,1,1,1,1,2,2,2,1,1,1,1,1,1,2,19,1,2,3,5,1,2,2,4,5,2,6,1,7,2
100,100,100,-50,-100,-24,,,0,,1,2,2,2,2,2,1,1,1,2,2,,,5,,1,2,2,2,1,1,1,1,1,2,2,,,0,,1,2,2,2,1,1,1,1,1,2,2,,,,0,1,1,1,1,1,1,2,2,2,1,1,,,,5,2,1,1,1,2,2,2,2,2,1,1,,,,0,1,1,1,1,1,1,2,2,2,1,1,1,2,2,1,1,1,1,1,1,2,2,2,2,2,2,2,1,1,1,2,2,2,2,1,1,1,1,1,28,1,2,1,6,8,8,1,4,8,8,8,8,8,8
100,100,100,-77,-91,-73,,,0,,1,1,1,1,1,1,1,1,1,2,2,,,0,,1,1,1,1,1,1,1,1,1,2,2,,,0,,1,1,1,1,1,1,1,1,1,1,2,,,,3,2,1,1,2,2,2,2,2,2,1,1,,,,2,1,1,1,1,1,1,2,2,2,1,2,,,,3,2,1,1,1,2,2,2,2,2,1,1,2,2,2,2,1,1,1,1,1,2,2,2,1,1,1,1,1,1,1,1,1,1,1,1,1,1,1,2,19,1,4,7,6,3,4,1,5,3,1,1,1,4,2
80,91,100,-40,-100,-80,,,0,,2,2,2,2,1,1,1,1,1,2,2,,,10,,1,2,2,2,1,1,1,1,1,2,2,,,10,,1,2,2,2,2,1,1,1,1,1,2,,,,20,2,1,1,1,2,2,2,2,2,1,1,,,,10,1,1,1,1,2,2,2,2,2,1,1,,,,15,1,1,1,1,1,2,2,2,2,1,1,1,2,2,2,1,1,1,1,1,1,2,2,2,1,1,1,1,1,1,2,2,2,1,1,1,1,1,1,22,1,4,2,5,3,3,1,5,3,2,3,4,4,2
100,80,90,-10,-40,-50,,,50,,2,2,2,2,2,2,1,1,1,2,1,,,25,,1,2,2,1,1,1,1,1,1,2,1,,,15,,1,1,1,1,1,1,1,1,1,1,2,,,,40,1,1,1,1,1,1,2,2,2,1,1,,,,30,1,1,1,1,1,2,2,2,2,1,1,,,,40,2,1,1,1,1,1,2,2,2,1,1,2,2,2,1,1,1,1,1,1,1,2,2,1,1,1,1,1,1,2,2,2,1,1,1,1,1,1,2,20,1,3,4,3,2,7,1,7,5,2,1,2,5,3
92,70,100,-100,-100,-100,,,5,,1,2,2,2,1,1,1,1,1,2,2,,,5,,1,2,2,2,1,1,1,1,1,1,2,,,10,,1,2,2,2,1,1,1,1,1,2,2,,,,10,2,1,1,1,2,2,2,2,2,1,1,,,,10,2,1,1,1,2,2,2,2,2,1,1,,,,10,2,1,1,1,2,2,2,2,2,1,1,2,2,2,1,1,2,2,1,1,2,2,2,1,1,2,2,1,1,2,2,2,1,1,2,2,1,1,2,19,1,2,3,3,3,3,1,5,4,3,3,2,4,2
100,50,80,-8,-88,-28,,,5,,1,2,1,1,1,1,1,1,1,2,2,,,10,,1,1,1,1,1,1,2,2,2,1,2,,,0,,1,1,1,1,1,1,1,1,1,1,2,,,,0,2,1,1,2,2,2,2,2,2,1,1,,,,10,1,1,1,1,1,1,2,2,2,1,1,,,,0,2,1,1,1,2,2,2,2,2,1,1,1,2,2,2,1,1,1,1,1,1,2,2,2,2,1,1,1,1,2,2,2,2,1,1,1,1,1,2,21,1,2,5,3,7,7,1,1,3,1,2,1,8,8
92,79,100,-66,-21,-16,,,5,,1,2,2,2,1,1,1,1,1,2,2,,,2,,2,2,2,2,2,2,2,2,2,1,2,,,5,,1,2,2,1,1,1,1,1,1,2,2,,,,2,1,1,1,1,1,2,2,2,2,1,1,,,,2,1,1,1,1,1,2,2,2,2,1,1,,,,3,1,1,1,1,1,2,2,2,2,1,1,2,2,2,2,2,1,1,1,1,1,2,1,1,1,1,1,1,1,1,2,2,2,1,1,1,1,1,2,21,1,4,5,2,3,5,2,3,4,3,1,1,5,2
91,94,100,-100,-89,-100,,,3,,2,2,2,1,1,1,1,1,1,2,2,,,1,,1,2,2,1,1,1,1,1,1,2,2,,,3,,1,2,2,1,1,1,1,1,1,2,2,,,,4,1,1,1,1,1,2,2,2,2,1,1,,,,3,1,1,1,1,1,2,2,2,2,1,1,,,,1,1,1,1,1,1,2,2,2,2,1,1,1,2,2,1,1,1,1,1,1,1,2,2,1,1,1,1,1,1,1,2,2,2,1,1,1,1,1,2,18,1,2,3,4,5,5,1,7,4,1,1,1,6,2